interaction_id,escalated,channel,client_type,issue_type,fcr,csat_score,aht_seconds,ad_spend_recovered,sentiment,date,probabilidad_escalamiento,prediccion_050,nivel_riesgo
2548,0,Chat,User,Page Management,1,4,683,0.0,Neutral,2025-04-15,0.20298623439519223,0,Bajo
4732,0,Chat,User,Account Access,1,5,964,0.0,Negative,2025-04-28,0.22952860972872138,0,Bajo
9445,0,Email,User,Ad Billing,1,4,408,0.0,Positive,2025-04-09,0.19999767851908368,0,Bajo
1949,0,Chat,Business Page,General Support,0,5,484,0.0,Negative,2025-04-10,0.20337762936196407,0,Bajo
4518,0,Voice,Advertiser,Ad Billing,1,2,606,830.66,Neutral,2025-04-11,0.2382271498714511,0,Bajo
4909,1,Email,User,Ad Billing,0,4,493,0.0,Negative,2025-04-25,0.21301745506888028,0,Bajo
3280,0,Email,Advertiser,Page Management,1,5,611,0.0,Positive,2025-04-25,0.20028232950315866,0,Bajo
501,1,Voice,Business Page,General Support,0,2,690,0.0,Positive,2025-04-16,0.19680857940920524,0,Bajo
3182,0,Chat,Business Page,Page Management,1,3,769,0.0,Neutral,2025-04-17,0.19432749537466942,0,Bajo
2315,0,Email,User,Page Management,1,5,409,0.0,Negative,2025-04-04,0.2164175586498356,0,Bajo
298,0,Email,Advertiser,Content Violation,1,4,649,0.0,Negative,2025-04-14,0.19083984357761907,0,Bajo
8,0,Email,Advertiser,Account Access,0,2,548,0.0,Negative,2025-04-05,0.21366883674822446,0,Bajo
1581,0,Chat,Business Page,Content Violation,0,3,248,0.0,Negative,2025-04-16,0.2059462912895891,0,Bajo
5731,1,Chat,Advertiser,Account Access,1,4,611,0.0,Negative,2025-04-10,0.21454037508091758,0,Bajo
5689,0,Voice,Business Page,Ad Billing,0,1,750,0.0,Positive,2025-04-06,0.18850895221392747,0,Bajo
8573,1,Chat,Advertiser,Page Management,1,4,512,0.0,Positive,2025-04-08,0.1958402755179128,0,Bajo
308,0,Chat,Advertiser,Page Management,1,4,690,0.0,Positive,2025-04-23,0.1937465565277113,0,Bajo
2319,0,Email,Business Page,Ad Billing,1,5,609,0.0,Negative,2025-04-03,0.20429777746580752,0,Bajo
4457,0,Chat,Advertiser,Ad Billing,1,3,536,594.68,Positive,2025-04-01,0.21523744062257244,0,Bajo
2608,0,Email,Advertiser,General Support,1,4,475,0.0,Positive,2025-04-20,0.19734649725721218,0,Bajo
5816,0,Chat,Advertiser,Account Access,0,5,470,0.0,Negative,2025-04-26,0.21193103929061197,0,Bajo
9665,0,Chat,Advertiser,General Support,0,4,533,0.0,Positive,2025-04-04,0.18988870338381852,0,Bajo
9834,0,Voice,Business Page,Account Access,1,4,779,0.0,Negative,2025-04-10,0.1965786116291639,0,Bajo
2394,1,Email,Advertiser,Account Access,1,1,636,0.0,Negative,2025-04-29,0.20312485205306627,0,Bajo
5092,0,Chat,Advertiser,Content Violation,1,4,505,0.0,Negative,2025-04-20,0.18974809710733237,0,Bajo
7057,0,Chat,User,Content Violation,1,2,528,0.0,Neutral,2025-04-03,0.18447918023341914,0,Bajo
3102,0,Chat,User,General Support,1,5,526,0.0,Positive,2025-04-24,0.195513746777646,0,Bajo
8278,0,Chat,Business Page,Content Violation,1,5,286,0.0,Positive,2025-04-24,0.21646912834806853,0,Bajo
8329,0,Email,User,Account Access,1,5,718,0.0,Neutral,2025-04-07,0.2027241479245201,0,Bajo
1859,0,Email,User,Content Violation,1,3,401,0.0,Negative,2025-04-08,0.19845773970029565,0,Bajo
519,1,Chat,Advertiser,Page Management,1,2,636,0.0,Negative,2025-04-23,0.20644561829497357,0,Bajo
4206,0,Chat,Advertiser,Page Management,1,1,629,0.0,Neutral,2025-04-23,0.20134681896760195,0,Bajo
1361,0,Voice,User,Content Violation,0,5,545,0.0,Negative,2025-04-11,0.20158514365895697,0,Bajo
6627,0,Email,Business Page,Ad Billing,0,5,517,0.0,Neutral,2025-04-22,0.18307589151375483,0,Bajo
6925,0,Chat,Business Page,Account Access,0,4,688,0.0,Neutral,2025-04-06,0.19140211295584067,0,Bajo
5591,0,Chat,User,Account Access,1,5,480,0.0,Negative,2025-04-03,0.21842899400421922,0,Bajo
7825,0,Chat,Advertiser,General Support,0,3,425,0.0,Positive,2025-04-15,0.1908614133299063,0,Bajo
4304,1,Email,User,Page Management,1,2,514,0.0,Positive,2025-04-17,0.21584130212026445,0,Bajo
8147,0,Voice,Advertiser,Page Management,1,3,642,0.0,Neutral,2025-04-01,0.21154339861473545,0,Bajo
484,0,Chat,Advertiser,General Support,1,5,751,0.0,Positive,2025-04-21,0.18599765650973626,0,Bajo
4069,0,Voice,User,Page Management,1,2,507,0.0,Positive,2025-04-16,0.2353708446949741,0,Bajo
9641,0,Email,Business Page,General Support,1,5,641,0.0,Positive,2025-04-11,0.18765666517083587,0,Bajo
9575,0,Chat,User,Page Management,1,5,753,0.0,Neutral,2025-04-20,0.1981268043382815,0,Bajo
2610,0,Email,User,General Support,1,4,724,0.0,Negative,2025-04-23,0.21490752394949447,0,Bajo
9260,0,Chat,Advertiser,Page Management,0,3,762,0.0,Negative,2025-04-26,0.20843036268383405,0,Bajo
2058,0,Voice,User,Account Access,1,4,614,0.0,Neutral,2025-04-12,0.21424152913109062,0,Bajo
8714,0,Chat,User,Content Violation,0,4,562,0.0,Positive,2025-04-21,0.19861002406718756,0,Bajo
1162,0,Chat,Business Page,Page Management,0,2,564,0.0,Positive,2025-04-11,0.20000920416536386,0,Bajo
9123,0,Email,User,General Support,1,5,640,0.0,Neutral,2025-04-28,0.197950403702488,0,Bajo
3464,0,Chat,Business Page,Account Access,1,5,552,0.0,Positive,2025-04-14,0.19410447302606093,0,Bajo
8452,0,Email,User,General Support,1,4,653,0.0,Positive,2025-04-05,0.19597582847010023,0,Bajo
1490,0,Chat,Business Page,Content Violation,1,2,701,0.0,Negative,2025-04-21,0.18630595775493006,0,Bajo
1971,0,Chat,User,Content Violation,1,3,414,0.0,Positive,2025-04-14,0.19433461024471993,0,Bajo
8064,0,Chat,User,Ad Billing,1,3,713,0.0,Neutral,2025-04-22,0.19609125545599684,0,Bajo
1990,0,Chat,Business Page,Page Management,1,5,605,0.0,Neutral,2025-04-05,0.1888520067399221,0,Bajo
933,0,Chat,Advertiser,Account Access,0,4,577,0.0,Negative,2025-04-09,0.20684959037685405,0,Bajo
5364,0,Chat,Business Page,Account Access,1,3,442,0.0,Neutral,2025-04-07,0.19754302327240014,0,Bajo
7984,0,Email,Business Page,Account Access,1,5,561,0.0,Neutral,2025-04-08,0.19319810492863765,0,Bajo
4600,0,Chat,User,Ad Billing,1,3,433,0.0,Neutral,2025-04-11,0.19834428247583288,0,Bajo
4480,0,Voice,User,General Support,1,5,524,0.0,Negative,2025-04-12,0.2270463995438657,0,Bajo
4229,1,Chat,User,Ad Billing,1,5,693,0.0,Neutral,2025-04-11,0.19665806127916927,0,Bajo
5246,0,Email,User,Account Access,0,2,771,0.0,Negative,2025-04-02,0.21380427588396533,0,Bajo
6759,1,Chat,User,Account Access,1,3,644,0.0,Negative,2025-04-11,0.2121136527052449,0,Bajo
1576,0,Chat,Business Page,Ad Billing,1,4,420,0.0,Negative,2025-04-29,0.20098000342914069,0,Bajo
8102,0,Email,Business Page,General Support,1,5,490,0.0,Negative,2025-04-01,0.2079968475999805,0,Bajo
5912,0,Email,Advertiser,Page Management,1,5,488,0.0,Negative,2025-04-12,0.20809875117152668,0,Bajo
2490,0,Email,User,Page Management,1,4,935,0.0,Negative,2025-04-12,0.24368998770503095,0,Bajo
3228,0,Chat,User,Account Access,1,2,686,0.0,Positive,2025-04-17,0.20214567500161548,0,Bajo
6272,1,Chat,Advertiser,Ad Billing,1,4,531,375.76,Positive,2025-04-07,0.19335217345106234,0,Bajo
7827,1,Voice,User,Ad Billing,0,5,464,0.0,Neutral,2025-04-13,0.2084627256016803,0,Bajo
3196,1,Email,User,Page Management,1,5,464,0.0,Positive,2025-04-13,0.20332109204957488,0,Bajo
8204,1,Chat,Business Page,Page Management,1,1,545,0.0,Positive,2025-04-18,0.20665135529444648,0,Bajo
2599,1,Email,User,Account Access,1,3,566,0.0,Negative,2025-04-12,0.22123311729884415,0,Bajo
982,0,Chat,Advertiser,Content Violation,0,4,602,0.0,Negative,2025-04-21,0.18221028578791795,0,Bajo
4831,1,Voice,User,Ad Billing,0,5,884,0.0,Neutral,2025-04-02,0.17484480057877702,0,Bajo
3340,0,Chat,Business Page,Account Access,1,3,584,0.0,Negative,2025-04-18,0.21605569518319834,0,Bajo
4974,0,Chat,Advertiser,Ad Billing,0,2,448,413.36,Neutral,2025-04-26,0.17024784664353154,0,Bajo
8695,0,Chat,User,Ad Billing,1,4,843,0.0,Positive,2025-04-23,0.18138381891329464,0,Bajo
6024,0,Chat,Advertiser,Content Violation,1,5,640,0.0,Negative,2025-04-09,0.176602526616148,0,Bajo
9478,0,Chat,Advertiser,Ad Billing,1,3,428,74.19,Positive,2025-04-01,0.19153803355859392,0,Bajo
6164,0,Email,Business Page,Ad Billing,0,4,409,0.0,Negative,2025-04-12,0.19905671508995387,0,Bajo
8836,0,Email,Advertiser,Account Access,0,3,522,0.0,Positive,2025-04-20,0.20161852028370797,0,Bajo
4471,1,Chat,Business Page,Ad Billing,0,5,670,0.0,Positive,2025-04-01,0.17856988584622804,0,Bajo
189,0,Chat,Business Page,General Support,1,5,557,0.0,Neutral,2025-04-09,0.19012397734520822,0,Bajo
1441,0,Email,User,Account Access,1,5,405,0.0,Positive,2025-04-09,0.2061637525348523,0,Bajo
6146,1,Voice,User,Page Management,0,5,714,0.0,Positive,2025-04-02,0.20676228339681157,0,Bajo
4599,1,Email,Business Page,Ad Billing,0,2,587,0.0,Negative,2025-04-06,0.20129491010696351,0,Bajo
9562,0,Chat,User,Page Management,1,4,650,0.0,Negative,2025-04-25,0.21448067940690468,0,Bajo
1622,1,Chat,User,Ad Billing,1,2,624,0.0,Negative,2025-04-19,0.21165257422283165,0,Bajo
7092,0,Chat,Advertiser,Account Access,1,2,833,0.0,Negative,2025-04-06,0.2096603485098602,0,Bajo
7197,0,Chat,Advertiser,General Support,1,4,701,0.0,Positive,2025-04-12,0.18755077172172469,0,Bajo
7424,0,Email,Advertiser,General Support,1,3,638,0.0,Negative,2025-04-01,0.20772141819095918,0,Bajo
5177,0,Voice,User,General Support,1,5,594,0.0,Negative,2025-04-28,0.21254633351994245,0,Bajo
8549,0,Voice,Advertiser,Content Violation,0,4,783,0.0,Negative,2025-04-25,0.19802153197484826,0,Bajo
4584,1,Chat,User,Content Violation,0,5,712,0.0,Negative,2025-04-12,0.18314639785009482,0,Bajo
9864,0,Chat,User,Ad Billing,1,3,524,0.0,Negative,2025-04-20,0.21827744200664395,0,Bajo
4,0,Voice,Advertiser,Page Management,1,4,419,0.0,Negative,2025-04-13,0.21228227028937496,0,Bajo
4265,0,Chat,Advertiser,Page Management,1,1,679,0.0,Positive,2025-04-12,0.2018569043301775,0,Bajo
4186,0,Email,Advertiser,Account Access,0,5,713,0.0,Positive,2025-04-13,0.1936790920203751,0,Bajo
95,0,Email,User,Account Access,0,5,559,0.0,Neutral,2025-04-06,0.21050726168913017,0,Bajo
7201,0,Chat,Advertiser,Content Violation,1,4,486,0.0,Positive,2025-04-04,0.19705527619522514,0,Bajo
1471,0,Email,User,Content Violation,1,5,744,0.0,Positive,2025-04-01,0.1818461078712718,0,Bajo
235,0,Chat,Advertiser,Account Access,0,4,638,0.0,Negative,2025-04-13,0.20106865423207151,0,Bajo
5128,0,Chat,Advertiser,Account Access,0,5,563,0.0,Negative,2025-04-15,0.20809812665139205,0,Bajo
5077,0,Voice,User,Page Management,1,5,642,0.0,Negative,2025-04-18,0.20532688626190554,0,Bajo
7155,0,Email,Advertiser,Page Management,0,3,433,0.0,Neutral,2025-04-05,0.20015644859721735,0,Bajo
4521,1,Chat,Business Page,Content Violation,1,5,540,0.0,Negative,2025-04-15,0.17715596600120795,0,Bajo
8166,0,Voice,User,General Support,1,5,575,0.0,Neutral,2025-04-18,0.2079289747083565,0,Bajo
6982,0,Chat,Business Page,Content Violation,0,4,738,0.0,Positive,2025-04-27,0.17919559195848977,0,Bajo
7230,0,Chat,User,General Support,1,2,620,0.0,Neutral,2025-04-07,0.1999037650924803,0,Bajo
3071,0,Email,User,Page Management,1,3,383,0.0,Negative,2025-04-24,0.22283058055251245,0,Bajo
4189,0,Chat,Business Page,General Support,0,3,426,0.0,Negative,2025-04-28,0.21126894757049916,0,Bajo
7880,1,Voice,Business Page,General Support,0,5,441,0.0,Negative,2025-04-26,0.21201024700483853,0,Bajo
4609,0,Chat,Business Page,Account Access,1,4,548,0.0,Neutral,2025-04-06,0.19670783693423738,0,Bajo
3669,0,Voice,Business Page,Content Violation,1,2,649,0.0,Negative,2025-04-27,0.19691879411297464,0,Bajo
5154,0,Chat,User,Content Violation,0,2,596,0.0,Positive,2025-04-11,0.19667236826396148,0,Bajo
7720,0,Email,Business Page,Content Violation,1,4,551,0.0,Negative,2025-04-10,0.18119745784186297,0,Bajo
8752,0,Chat,User,Ad Billing,1,3,414,0.0,Positive,2025-04-26,0.1979283079936704,0,Bajo
4033,0,Chat,User,Ad Billing,1,4,517,0.0,Neutral,2025-04-27,0.20120608788905303,0,Bajo
1604,0,Email,User,General Support,1,5,665,0.0,Negative,2025-04-27,0.2168850156607194,0,Bajo
1033,0,Chat,User,Page Management,1,4,643,0.0,Negative,2025-04-14,0.20898211002570274,0,Bajo
1304,0,Chat,Advertiser,Content Violation,1,2,628,0.0,Positive,2025-04-29,0.20096973189266212,0,Bajo
6340,0,Chat,Business Page,Content Violation,0,5,682,0.0,Positive,2025-04-08,0.17520934859297357,0,Bajo
1976,0,Chat,Business Page,Content Violation,1,4,787,0.0,Neutral,2025-04-28,0.1644659833288225,0,Bajo
2587,0,Chat,User,Page Management,1,5,570,0.0,Neutral,2025-04-13,0.19921398658712167,0,Bajo
3240,0,Email,Advertiser,Ad Billing,1,5,695,288.57,Neutral,2025-04-12,0.20877494587501705,0,Bajo
5854,0,Email,User,Content Violation,1,4,716,0.0,Positive,2025-04-10,0.1845322631301502,0,Bajo
6524,0,Voice,Business Page,Ad Billing,1,3,659,0.0,Negative,2025-04-09,0.20866991182569128,0,Bajo
5080,0,Chat,User,General Support,1,5,574,0.0,Positive,2025-04-20,0.19585010681666282,0,Bajo
8981,1,Email,User,Page Management,1,4,514,0.0,Neutral,2025-04-01,0.201641730843468,0,Bajo
583,1,Email,Business Page,General Support,1,3,716,0.0,Negative,2025-04-26,0.21082888101814806,0,Bajo
8379,0,Chat,Advertiser,Content Violation,1,4,770,0.0,Neutral,2025-04-02,0.1797345398671586,0,Bajo
9049,0,Voice,User,Content Violation,0,3,710,0.0,Positive,2025-04-27,0.1985810572184119,0,Bajo
4349,0,Chat,Advertiser,Content Violation,1,4,576,0.0,Neutral,2025-04-19,0.18301778032122856,0,Bajo
7980,0,Chat,Business Page,Content Violation,0,3,610,0.0,Positive,2025-04-03,0.18895025956446213,0,Bajo
756,0,Chat,Advertiser,Page Management,1,5,732,0.0,Negative,2025-04-03,0.1981062864447194,0,Bajo
6756,1,Voice,Advertiser,General Support,1,4,622,0.0,Negative,2025-04-08,0.2049743258611708,0,Bajo
8831,0,Email,Advertiser,Ad Billing,0,5,631,435.6,Negative,2025-04-04,0.19042374378638066,0,Bajo
725,0,Email,Business Page,Ad Billing,1,5,553,0.0,Positive,2025-04-29,0.1928746930250738,0,Bajo
4098,0,Voice,User,General Support,1,4,592,0.0,Positive,2025-04-12,0.20096558103775922,0,Bajo
3862,0,Voice,User,General Support,1,4,680,0.0,Positive,2025-04-06,0.1946666048507547,0,Bajo
3076,1,Email,Business Page,Ad Billing,1,1,926,0.0,Negative,2025-04-10,0.24090266317371245,0,Bajo
680,0,Chat,User,General Support,0,2,642,0.0,Positive,2025-04-16,0.18926085630875034,0,Bajo
8500,1,Voice,Business Page,Account Access,0,5,812,0.0,Neutral,2025-04-23,0.18053845978165753,0,Bajo
3295,0,Email,Advertiser,Account Access,1,2,893,0.0,Negative,2025-04-10,0.2188197284307827,0,Bajo
3498,0,Chat,Advertiser,Page Management,1,5,636,0.0,Positive,2025-04-08,0.18669437090177726,0,Bajo
1177,1,Chat,Business Page,Account Access,1,4,581,0.0,Neutral,2025-04-29,0.19821538193024618,0,Bajo
6155,1,Chat,Advertiser,Ad Billing,1,4,525,408.87,Neutral,2025-04-26,0.19416224764458,0,Bajo
3388,0,Voice,User,Ad Billing,1,4,732,0.0,Neutral,2025-04-15,0.1987729555654926,0,Bajo
4995,0,Chat,Advertiser,Account Access,0,5,473,0.0,Negative,2025-04-22,0.2101778973276798,0,Bajo
9197,1,Chat,Business Page,Page Management,0,5,644,0.0,Positive,2025-04-04,0.18381751913171188,0,Bajo
1101,0,Chat,Advertiser,Ad Billing,0,4,522,99.62,Neutral,2025-04-14,0.1855797151782071,0,Bajo
4925,0,Chat,Business Page,Content Violation,1,5,603,0.0,Negative,2025-04-13,0.17438309074618927,0,Bajo
3789,0,Chat,Advertiser,General Support,1,4,793,0.0,Negative,2025-04-07,0.20549063777683246,0,Bajo
4114,0,Voice,Advertiser,Page Management,1,4,722,0.0,Neutral,2025-04-18,0.20148466748074018,0,Bajo
9431,0,Chat,Advertiser,Content Violation,1,3,395,0.0,Positive,2025-04-20,0.19963880128949354,0,Bajo
1189,0,Voice,User,Account Access,0,2,770,0.0,Positive,2025-04-26,0.20126604261981754,0,Bajo
9873,0,Email,Business Page,General Support,0,3,749,0.0,Neutral,2025-04-12,0.19196537910408323,0,Bajo
6100,1,Voice,User,Account Access,1,5,571,0.0,Positive,2025-04-09,0.22090965360588155,0,Bajo
8954,0,Chat,Advertiser,Ad Billing,1,3,472,883.24,Negative,2025-04-01,0.18472205862642194,0,Bajo
81,0,Chat,Business Page,General Support,0,5,750,0.0,Positive,2025-04-02,0.1778607352916533,0,Bajo
3257,0,Email,Advertiser,Page Management,0,4,472,0.0,Neutral,2025-04-15,0.19885479916533952,0,Bajo
7194,0,Voice,Advertiser,Account Access,1,5,623,0.0,Neutral,2025-04-01,0.20628853692658888,0,Bajo
6474,0,Email,User,Page Management,1,4,795,0.0,Positive,2025-04-13,0.19632421764369754,0,Bajo
7472,0,Chat,Advertiser,Account Access,1,4,649,0.0,Negative,2025-04-11,0.20938608557989433,0,Bajo
3547,0,Chat,Business Page,Content Violation,0,2,550,0.0,Neutral,2025-04-13,0.17972188923336596,0,Bajo
6516,0,Email,Advertiser,Page Management,1,3,639,0.0,Neutral,2025-04-17,0.2022740594074821,0,Bajo
2639,0,Email,User,Content Violation,0,5,356,0.0,Positive,2025-04-09,0.19978205030950358,0,Bajo
7096,1,Voice,Business Page,General Support,1,5,563,0.0,Positive,2025-04-07,0.19666513281080356,0,Bajo
4060,1,Chat,Business Page,Account Access,1,3,581,0.0,Neutral,2025-04-24,0.19830154721964713,0,Bajo
8048,1,Chat,Advertiser,Page Management,1,4,492,0.0,Neutral,2025-04-02,0.19679679218498075,0,Bajo
7325,0,Email,Business Page,Content Violation,1,4,707,0.0,Positive,2025-04-10,0.17548779969022424,0,Bajo
5000,1,Voice,Advertiser,Page Management,1,4,437,0.0,Positive,2025-04-09,0.21272226378584713,0,Bajo
9340,0,Chat,Business Page,Page Management,1,5,605,0.0,Negative,2025-04-04,0.2022255688921441,0,Bajo
2653,1,Chat,User,Content Violation,0,4,552,0.0,Negative,2025-04-18,0.19152148732475063,0,Bajo
3662,0,Chat,Advertiser,Content Violation,1,4,583,0.0,Negative,2025-04-03,0.1875749136802073,0,Bajo
4128,0,Email,User,General Support,1,5,642,0.0,Positive,2025-04-13,0.1905668152883747,0,Bajo
2125,0,Email,Business Page,Account Access,1,5,627,0.0,Neutral,2025-04-26,0.19164178266875376,0,Bajo
5041,0,Voice,Advertiser,Page Management,1,5,632,0.0,Negative,2025-04-12,0.19782130578988233,0,Bajo
155,0,Chat,User,Ad Billing,1,4,477,0.0,Positive,2025-04-05,0.20005283127952908,0,Bajo
6061,0,Email,User,General Support,1,2,498,0.0,Neutral,2025-04-27,0.20222411585643754,0,Bajo
8913,0,Email,Business Page,General Support,0,3,488,0.0,Neutral,2025-04-25,0.19623388486210308,0,Bajo
7646,0,Email,Business Page,Page Management,1,5,508,0.0,Neutral,2025-04-05,0.1901479664623611,0,Bajo
7473,0,Voice,Business Page,Content Violation,1,5,572,0.0,Neutral,2025-04-13,0.18368111323358707,0,Bajo
143,0,Voice,User,Content Violation,1,5,752,0.0,Negative,2025-04-21,0.19863066652097866,0,Bajo
3525,0,Email,User,Account Access,0,4,537,0.0,Negative,2025-04-09,0.22348424524060817,0,Bajo
5378,0,Voice,Business Page,Account Access,0,5,554,0.0,Neutral,2025-04-08,0.20382333309655162,0,Bajo
5072,0,Chat,Business Page,Ad Billing,1,3,493,0.0,Negative,2025-04-14,0.20658689341075487,0,Bajo
2738,0,Chat,Advertiser,Page Management,1,5,498,0.0,Negative,2025-04-11,0.2018091097169376,0,Bajo
9116,0,Chat,Business Page,Account Access,1,3,662,0.0,Negative,2025-04-28,0.21109933434240932,0,Bajo
1289,0,Chat,Business Page,General Support,0,4,645,0.0,Neutral,2025-04-25,0.18622849073739145,0,Bajo
9571,0,Chat,Business Page,Ad Billing,1,2,677,0.0,Negative,2025-04-29,0.20633846271702871,0,Bajo
5811,0,Chat,Advertiser,Page Management,1,5,683,0.0,Positive,2025-04-02,0.19093180018887387,0,Bajo
4713,0,Voice,Business Page,Content Violation,1,4,500,0.0,Neutral,2025-04-23,0.19210156603650452,0,Bajo
4695,0,Voice,User,Account Access,1,5,606,0.0,Negative,2025-04-13,0.2197249314571543,0,Bajo
2113,0,Email,User,General Support,0,3,697,0.0,Negative,2025-04-25,0.2202658025058242,0,Bajo
488,0,Email,Advertiser,General Support,0,5,723,0.0,Positive,2025-04-23,0.18123107043653575,0,Bajo
8568,0,Voice,Advertiser,Account Access,1,3,403,0.0,Negative,2025-04-20,0.22926703164355802,0,Bajo
2471,1,Chat,Business Page,Page Management,0,4,826,0.0,Positive,2025-04-19,0.17721788095562527,0,Bajo
6775,1,Chat,Advertiser,Content Violation,1,5,750,0.0,Neutral,2025-04-01,0.1757317228348489,0,Bajo
7607,0,Chat,User,General Support,1,2,581,0.0,Neutral,2025-04-21,0.20081782203644974,0,Bajo
5691,0,Voice,Business Page,Page Management,1,5,626,0.0,Positive,2025-04-23,0.19946650746894234,0,Bajo
517,0,Voice,User,Content Violation,1,5,617,0.0,Neutral,2025-04-06,0.18371524491773056,0,Bajo
6529,0,Email,Business Page,Account Access,0,4,647,0.0,Neutral,2025-04-02,0.1952452324785474,0,Bajo
6635,0,Chat,Advertiser,Page Management,1,3,665,0.0,Negative,2025-04-18,0.2075883870778775,0,Bajo
2982,0,Chat,Advertiser,Ad Billing,1,1,759,231.75,Negative,2025-04-29,0.23975964380109693,0,Bajo
7445,1,Email,Advertiser,Content Violation,1,3,626,0.0,Positive,2025-04-24,0.19329096973197854,0,Bajo
1208,0,Chat,User,Content Violation,1,3,524,0.0,Neutral,2025-04-24,0.18492653171785128,0,Bajo
9898,0,Chat,User,Page Management,1,1,596,0.0,Positive,2025-04-11,0.2095342058369001,0,Bajo
2819,0,Chat,Business Page,Content Violation,1,4,602,0.0,Neutral,2025-04-09,0.16897289181123143,0,Bajo
6830,0,Chat,Business Page,Ad Billing,1,5,628,0.0,Negative,2025-04-28,0.19987018469628545,0,Bajo
6168,0,Email,Business Page,Account Access,0,5,405,0.0,Positive,2025-04-08,0.19786479560141665,0,Bajo
4868,1,Chat,Business Page,Ad Billing,0,5,682,0.0,Negative,2025-04-11,0.19139109824849257,0,Bajo
7117,0,Chat,Business Page,Page Management,0,1,751,0.0,Positive,2025-04-02,0.19633218032301214,0,Bajo
4076,0,Voice,Advertiser,General Support,1,5,612,0.0,Neutral,2025-04-04,0.19843360634661691,0,Bajo
6523,1,Chat,Business Page,Account Access,1,5,584,0.0,Negative,2025-04-05,0.2122891995703926,0,Bajo
8390,0,Chat,Advertiser,General Support,0,5,645,0.0,Positive,2025-04-10,0.18081182395628972,0,Bajo
4131,0,Chat,Advertiser,Content Violation,1,5,730,0.0,Positive,2025-04-21,0.17559681907652744,0,Bajo
9061,0,Email,Business Page,Page Management,1,5,662,0.0,Negative,2025-04-19,0.20959345493841305,0,Bajo
1279,1,Chat,Advertiser,Account Access,1,5,588,0.0,Neutral,2025-04-11,0.2013784639504732,0,Bajo
1881,1,Voice,Business Page,General Support,0,2,413,0.0,Neutral,2025-04-23,0.21140715981624092,0,Bajo
7667,0,Voice,Advertiser,Ad Billing,1,5,587,566.56,Neutral,2025-04-18,0.2115492167575043,0,Bajo
1124,1,Chat,Business Page,Content Violation,0,5,533,0.0,Neutral,2025-04-11,0.16873023785672595,0,Bajo
8458,0,Chat,Advertiser,Account Access,1,4,418,0.0,Negative,2025-04-04,0.21891151132433428,0,Bajo
1572,0,Chat,Business Page,Page Management,0,4,670,0.0,Negative,2025-04-24,0.19970390887060113,0,Bajo
2856,0,Voice,User,Content Violation,0,2,624,0.0,Positive,2025-04-13,0.20204977146421718,0,Bajo
3896,0,Chat,Advertiser,General Support,1,4,681,0.0,Negative,2025-04-06,0.20342938546565384,0,Bajo
9922,1,Chat,Business Page,General Support,1,3,563,0.0,Positive,2025-04-26,0.1891981835226712,0,Bajo
431,1,Voice,User,General Support,1,2,462,0.0,Neutral,2025-04-04,0.21538617813981156,0,Bajo
6612,1,Voice,Advertiser,Account Access,1,3,542,0.0,Neutral,2025-04-28,0.2194275653147994,0,Bajo
4279,0,Voice,User,Page Management,0,5,795,0.0,Neutral,2025-04-16,0.20263079793136793,0,Bajo
5004,1,Voice,Business Page,Page Management,0,5,677,0.0,Positive,2025-04-17,0.19532303613743962,0,Bajo
5172,1,Chat,Advertiser,Ad Billing,1,4,460,23.68,Neutral,2025-04-03,0.19910157583844384,0,Bajo
7336,0,Chat,Business Page,General Support,1,5,546,0.0,Neutral,2025-04-12,0.190863099325133,0,Bajo
4182,1,Voice,Business Page,Page Management,1,5,477,0.0,Negative,2025-04-22,0.20836022656188397,0,Bajo
1690,0,Voice,Advertiser,General Support,1,1,583,0.0,Positive,2025-04-23,0.20695436555119856,0,Bajo
2617,0,Chat,Business Page,Ad Billing,0,2,515,0.0,Negative,2025-04-09,0.20402396182298554,0,Bajo
7346,0,Email,Business Page,Ad Billing,0,4,643,0.0,Positive,2025-04-05,0.1816361788374069,0,Bajo
2810,0,Voice,User,Account Access,1,4,613,0.0,Positive,2025-04-28,0.2193528248554727,0,Bajo
850,0,Chat,Advertiser,Content Violation,1,3,616,0.0,Neutral,2025-04-01,0.18956688798988564,0,Bajo
4293,0,Chat,Advertiser,Ad Billing,1,3,681,852.46,Neutral,2025-04-14,0.1807558856895633,0,Bajo
2895,0,Chat,User,Ad Billing,1,5,645,0.0,Neutral,2025-04-23,0.1972834642848521,0,Bajo
8096,0,Chat,User,Ad Billing,1,5,661,0.0,Positive,2025-04-15,0.19989357834915222,0,Bajo
9851,0,Chat,Advertiser,Content Violation,0,4,474,0.0,Negative,2025-04-21,0.19696810006278093,0,Bajo
2011,0,Voice,User,Account Access,0,5,527,0.0,Negative,2025-04-27,0.22978635855069635,0,Bajo
915,0,Voice,Advertiser,Page Management,1,4,503,0.0,Neutral,2025-04-11,0.21238917502711516,0,Bajo
5748,0,Chat,Advertiser,General Support,1,5,718,0.0,Positive,2025-04-02,0.183277602266996,0,Bajo
1639,0,Chat,Business Page,General Support,1,5,143,0.0,Negative,2025-04-07,0.24011122685757827,0,Bajo
3178,0,Email,User,Page Management,1,5,530,0.0,Positive,2025-04-08,0.20478928088038034,0,Bajo
9684,0,Chat,Business Page,General Support,0,2,810,0.0,Neutral,2025-04-03,0.1881517134062927,0,Bajo
3074,0,Chat,Business Page,Ad Billing,0,2,529,0.0,Positive,2025-04-24,0.18913225905091344,0,Bajo
1076,0,Email,Advertiser,Page Management,1,5,346,0.0,Positive,2025-04-07,0.21472675482002215,0,Bajo
6569,0,Chat,User,General Support,1,3,496,0.0,Neutral,2025-04-16,0.20096866263594965,0,Bajo
781,0,Chat,Business Page,Ad Billing,1,5,576,0.0,Positive,2025-04-05,0.190793463584087,0,Bajo
1235,0,Chat,User,General Support,1,5,731,0.0,Negative,2025-04-27,0.21355157860771132,0,Bajo
7277,1,Chat,Advertiser,General Support,1,5,688,0.0,Negative,2025-04-08,0.20333046168990582,0,Bajo
5253,0,Chat,User,Page Management,1,5,601,0.0,Negative,2025-04-15,0.2128239682114545,0,Bajo
5994,0,Chat,Business Page,Ad Billing,1,3,774,0.0,Positive,2025-04-16,0.1845468809027311,0,Bajo
4865,0,Email,User,General Support,1,4,646,0.0,Negative,2025-04-17,0.2185542435105461,0,Bajo
3890,0,Chat,Business Page,General Support,1,2,515,0.0,Neutral,2025-04-01,0.1931540931771355,0,Bajo
4382,0,Email,User,General Support,1,4,639,0.0,Positive,2025-04-14,0.19039872733029378,0,Bajo
7580,1,Chat,User,Account Access,1,4,489,0.0,Positive,2025-04-22,0.20725740126906753,0,Bajo
3400,0,Voice,User,General Support,1,3,658,0.0,Negative,2025-04-27,0.22096020516661127,0,Bajo
1516,0,Chat,Business Page,Page Management,1,1,512,0.0,Neutral,2025-04-09,0.1921422893988675,0,Bajo
1178,0,Chat,Advertiser,Ad Billing,1,5,526,191.09,Positive,2025-04-08,0.19570845987262056,0,Bajo
7514,0,Chat,User,Ad Billing,1,5,576,0.0,Positive,2025-04-06,0.20088184709425763,0,Bajo
1845,0,Chat,Business Page,Page Management,0,4,425,0.0,Positive,2025-04-09,0.18853942199171825,0,Bajo
3653,0,Email,Advertiser,Page Management,1,5,574,0.0,Negative,2025-04-26,0.20727965674017781,0,Bajo
2091,0,Chat,User,Content Violation,1,4,402,0.0,Positive,2025-04-19,0.19325345959044804,0,Bajo
4318,0,Chat,Advertiser,Ad Billing,1,5,566,264.34,Positive,2025-04-07,0.20013151173561147,0,Bajo
2954,0,Chat,User,Account Access,1,5,569,0.0,Positive,2025-04-10,0.20652208149520168,0,Bajo
6545,0,Chat,Business Page,Content Violation,1,4,442,0.0,Positive,2025-04-24,0.18248599117756567,0,Bajo
1352,0,Voice,User,Page Management,1,3,504,0.0,Negative,2025-04-06,0.2289231208000428,0,Bajo
275,0,Chat,Advertiser,Ad Billing,0,5,441,18.72,Positive,2025-04-22,0.18051981762669023,0,Bajo
632,0,Chat,Business Page,General Support,1,2,564,0.0,Negative,2025-04-09,0.21643465599960704,0,Bajo
1435,0,Chat,Business Page,General Support,1,4,675,0.0,Neutral,2025-04-10,0.18939772876857058,0,Bajo
5556,1,Email,Business Page,Ad Billing,0,4,735,0.0,Neutral,2025-04-11,0.1773843747806223,0,Bajo
8920,0,Voice,Business Page,Content Violation,1,3,545,0.0,Negative,2025-04-22,0.1986854151983521,0,Bajo
919,0,Chat,Advertiser,Page Management,1,4,721,0.0,Positive,2025-04-18,0.19037313540034861,0,Bajo
7709,0,Chat,Advertiser,Page Management,1,5,450,0.0,Positive,2025-04-09,0.19302699729713937,0,Bajo
6182,0,Voice,Advertiser,Account Access,1,5,574,0.0,Negative,2025-04-18,0.21595956450047354,0,Bajo
5106,0,Email,Advertiser,Content Violation,1,5,496,0.0,Negative,2025-04-18,0.19517645024005173,0,Bajo
6000,0,Chat,User,General Support,1,5,628,0.0,Neutral,2025-04-16,0.19523254830651496,0,Bajo
203,0,Voice,User,General Support,1,3,864,0.0,Negative,2025-04-10,0.20632552906448548,0,Bajo
2677,0,Email,Business Page,Page Management,0,4,415,0.0,Neutral,2025-04-25,0.19072956233443086,0,Bajo
6543,0,Email,Business Page,General Support,0,1,440,0.0,Neutral,2025-04-12,0.1890152759843552,0,Bajo
5970,0,Voice,Advertiser,Page Management,1,1,678,0.0,Neutral,2025-04-10,0.21714567088075395,0,Bajo
5078,0,Chat,User,General Support,1,4,527,0.0,Negative,2025-04-19,0.22214827938770867,0,Bajo
5546,0,Email,Advertiser,General Support,1,1,753,0.0,Neutral,2025-04-14,0.20748962157816386,0,Bajo
253,0,Chat,Advertiser,Page Management,1,4,518,0.0,Neutral,2025-04-06,0.19609987100515117,0,Bajo
2282,1,Chat,Advertiser,Content Violation,0,4,663,0.0,Negative,2025-04-25,0.18375880519934737,0,Bajo
9138,1,Chat,Advertiser,Account Access,0,4,461,0.0,Neutral,2025-04-13,0.2058668835016265,0,Bajo
2648,0,Chat,Advertiser,General Support,1,4,537,0.0,Positive,2025-04-11,0.19516324364770882,0,Bajo
1083,0,Voice,Business Page,Ad Billing,1,5,641,0.0,Neutral,2025-04-27,0.19173171610922524,0,Bajo
3129,1,Chat,Business Page,General Support,1,1,572,0.0,Negative,2025-04-22,0.21077957442107315,0,Bajo
8486,0,Email,Advertiser,General Support,1,4,683,0.0,Positive,2025-04-28,0.19084568754734027,0,Bajo
3622,0,Email,Advertiser,Page Management,0,3,530,0.0,Positive,2025-04-16,0.20329817742974435,0,Bajo
7331,0,Chat,Advertiser,General Support,0,3,595,0.0,Positive,2025-04-26,0.18584255762936389,0,Bajo
5597,0,Email,User,Ad Billing,1,5,531,0.0,Positive,2025-04-26,0.20261952893817792,0,Bajo
6206,1,Voice,Advertiser,Content Violation,0,5,514,0.0,Positive,2025-04-15,0.20713158856805106,0,Bajo
4015,0,Email,Advertiser,Page Management,1,4,671,0.0,Positive,2025-04-19,0.20132569690857752,0,Bajo
6686,0,Chat,User,Content Violation,1,4,576,0.0,Positive,2025-04-25,0.19120663775945426,0,Bajo
7498,0,Email,Advertiser,Page Management,1,4,615,0.0,Negative,2025-04-21,0.21021921845512379,0,Bajo
4612,0,Chat,Business Page,Account Access,1,5,653,0.0,Positive,2025-04-16,0.1946315685979631,0,Bajo
4646,0,Chat,Business Page,Ad Billing,0,5,678,0.0,Negative,2025-04-28,0.19139109824849257,0,Bajo
5909,0,Voice,Advertiser,Ad Billing,1,4,679,590.52,Neutral,2025-04-17,0.20795774834193656,0,Bajo
2529,0,Chat,Business Page,Account Access,1,5,481,0.0,Positive,2025-04-13,0.197370139463899,0,Bajo
9466,0,Email,Business Page,Account Access,0,4,687,0.0,Neutral,2025-04-13,0.19361281470628378,0,Bajo
8936,0,Chat,Business Page,General Support,1,5,634,0.0,Positive,2025-04-26,0.18448740841537126,0,Bajo
1704,0,Chat,Advertiser,Content Violation,1,4,555,0.0,Positive,2025-04-28,0.1932323415683617,0,Bajo
7428,0,Voice,User,Ad Billing,1,1,855,0.0,Neutral,2025-04-22,0.1935157367342283,0,Bajo
983,1,Voice,Advertiser,Page Management,1,5,704,0.0,Positive,2025-04-08,0.2017738497119446,0,Bajo
1885,0,Chat,Advertiser,Account Access,1,1,565,0.0,Negative,2025-04-17,0.21012595922726934,0,Bajo
6295,0,Email,Advertiser,Account Access,1,3,530,0.0,Positive,2025-04-23,0.20218156255354836,0,Bajo
1696,0,Chat,Advertiser,Page Management,1,4,737,0.0,Neutral,2025-04-26,0.19605110711909923,0,Bajo
4334,0,Email,Business Page,Ad Billing,1,2,436,0.0,Negative,2025-04-11,0.20441508395798952,0,Bajo
8882,0,Email,Business Page,General Support,1,1,580,0.0,Positive,2025-04-13,0.19624923682394796,0,Bajo
7871,0,Email,Business Page,Content Violation,1,4,492,0.0,Negative,2025-04-06,0.18228264251964332,0,Bajo
290,0,Chat,Advertiser,General Support,1,5,633,0.0,Neutral,2025-04-13,0.1895421705374816,0,Bajo
7484,0,Chat,Business Page,Content Violation,1,4,650,0.0,Neutral,2025-04-16,0.1700819606441479,0,Bajo
3363,0,Chat,Advertiser,Ad Billing,1,4,665,420.25,Negative,2025-04-21,0.2004400187805671,0,Bajo
3449,0,Chat,Business Page,General Support,1,4,620,0.0,Negative,2025-04-06,0.20763184902349535,0,Bajo
3412,0,Chat,User,Account Access,1,2,524,0.0,Neutral,2025-04-21,0.20260804758312764,0,Bajo
8927,0,Chat,Business Page,Page Management,1,4,547,0.0,Neutral,2025-04-28,0.19034521276536928,0,Bajo
5980,0,Chat,Business Page,Account Access,1,5,417,0.0,Negative,2025-04-20,0.21202414638127373,0,Bajo
263,0,Email,Business Page,General Support,1,2,585,0.0,Positive,2025-04-28,0.1981087868910536,0,Bajo
6961,0,Email,User,Ad Billing,1,5,763,0.0,Neutral,2025-04-13,0.18937683802055355,0,Bajo
3535,0,Chat,User,Ad Billing,0,3,492,0.0,Negative,2025-04-23,0.2132595834788466,0,Bajo
5548,0,Voice,Business Page,Content Violation,1,2,570,0.0,Neutral,2025-04-26,0.20001231894639349,0,Bajo
8339,0,Email,Advertiser,General Support,1,3,572,0.0,Neutral,2025-04-13,0.20059430131130981,0,Bajo
508,0,Voice,User,Content Violation,0,3,535,0.0,Neutral,2025-04-29,0.20266848144924465,0,Bajo
908,0,Chat,User,General Support,1,2,327,0.0,Negative,2025-04-25,0.23632700920431013,0,Bajo
6807,0,Chat,User,Ad Billing,1,2,542,0.0,Positive,2025-04-28,0.20498990438861603,0,Bajo
4716,0,Chat,Business Page,Account Access,1,5,434,0.0,Positive,2025-04-07,0.20036486205167617,0,Bajo
4138,1,Voice,Business Page,Content Violation,1,5,664,0.0,Negative,2025-04-03,0.18329209841174635,0,Bajo
1986,0,Voice,Advertiser,General Support,0,2,680,0.0,Negative,2025-04-23,0.20769571278039262,0,Bajo
6455,0,Chat,Business Page,Ad Billing,1,5,526,0.0,Neutral,2025-04-23,0.18778103874438498,0,Bajo
5440,0,Voice,Business Page,Ad Billing,1,3,438,0.0,Neutral,2025-04-12,0.20359476829820863,0,Bajo
3650,0,Chat,Business Page,Account Access,1,5,754,0.0,Negative,2025-04-13,0.20057344702135937,0,Bajo
4286,0,Voice,Business Page,Content Violation,0,2,809,0.0,Positive,2025-04-11,0.19868996554895887,0,Bajo
820,1,Email,Business Page,Account Access,1,5,543,0.0,Negative,2025-04-03,0.20707676897041224,0,Bajo
5631,0,Voice,Advertiser,Account Access,1,5,699,0.0,Neutral,2025-04-12,0.205258885344572,0,Bajo
2586,0,Email,Business Page,Account Access,0,3,489,0.0,Positive,2025-04-08,0.1943717563185609,0,Bajo
1923,1,Email,Advertiser,Ad Billing,1,4,579,379.45,Negative,2025-04-19,0.21459434985842488,0,Bajo
6610,0,Voice,User,Ad Billing,0,5,460,0.0,Negative,2025-04-02,0.2187634660510191,0,Bajo
3470,0,Chat,Business Page,General Support,1,5,543,0.0,Negative,2025-04-04,0.2068488419515723,0,Bajo
1280,1,Chat,User,Ad Billing,1,5,467,0.0,Negative,2025-04-08,0.21284589002878665,0,Bajo
3120,0,Chat,Advertiser,Account Access,0,5,637,0.0,Neutral,2025-04-02,0.19587126410865152,0,Bajo
4269,0,Chat,Advertiser,Content Violation,1,5,411,0.0,Neutral,2025-04-16,0.18592851983268285,0,Bajo
6240,0,Chat,Advertiser,Page Management,1,5,792,0.0,Positive,2025-04-08,0.18780237430756405,0,Bajo
6378,0,Chat,Business Page,Account Access,1,4,600,0.0,Positive,2025-04-10,0.19517806418022843,0,Bajo
4392,0,Chat,Advertiser,Ad Billing,1,5,514,164.81,Negative,2025-04-07,0.20419782740846318,0,Bajo
2544,0,Email,User,Content Violation,1,5,606,0.0,Positive,2025-04-21,0.1869387322033518,0,Bajo
6094,0,Voice,Business Page,Page Management,1,5,544,0.0,Positive,2025-04-19,0.2104969568677752,0,Bajo
2108,1,Email,Advertiser,General Support,0,5,438,0.0,Positive,2025-04-25,0.1922986446727532,0,Bajo
480,0,Voice,Advertiser,General Support,1,4,443,0.0,Negative,2025-04-23,0.21344913309877891,0,Bajo
1752,0,Chat,Business Page,Content Violation,1,4,619,0.0,Neutral,2025-04-18,0.16823151923462612,0,Bajo
4134,0,Email,User,Page Management,0,5,592,0.0,Positive,2025-04-04,0.19914404213410564,0,Bajo
2594,0,Voice,Advertiser,General Support,1,2,522,0.0,Positive,2025-04-06,0.21446237824729444,0,Bajo
2458,1,Chat,Business Page,Content Violation,0,5,706,0.0,Negative,2025-04-27,0.17174075948390075,0,Bajo
9880,0,Email,Business Page,Ad Billing,1,2,506,0.0,Neutral,2025-04-10,0.19213092365161646,0,Bajo
976,0,Chat,User,Content Violation,0,5,650,0.0,Neutral,2025-04-13,0.17611930429119285,0,Bajo
3483,0,Email,Business Page,General Support,0,3,589,0.0,Neutral,2025-04-05,0.19210521226736887,0,Bajo
4985,0,Email,Business Page,General Support,0,2,492,0.0,Neutral,2025-04-11,0.1959272786081809,0,Bajo
1084,0,Chat,Business Page,Account Access,1,5,634,0.0,Positive,2025-04-01,0.1921525284685747,0,Bajo
8675,0,Chat,Business Page,Page Management,1,1,543,0.0,Neutral,2025-04-04,0.19588562725674943,0,Bajo
4002,0,Chat,Advertiser,Page Management,1,5,730,0.0,Positive,2025-04-09,0.1884012862421201,0,Bajo
2482,0,Voice,Business Page,Ad Billing,0,2,644,0.0,Negative,2025-04-02,0.20217027120812509,0,Bajo
6039,0,Chat,Business Page,Content Violation,0,1,515,0.0,Neutral,2025-04-07,0.17704626330919385,0,Bajo
762,0,Email,Advertiser,Content Violation,1,5,431,0.0,Positive,2025-04-28,0.18858263300702546,0,Bajo
4100,0,Chat,Advertiser,Content Violation,1,4,393,0.0,Neutral,2025-04-03,0.19196336381611873,0,Bajo
3782,0,Chat,Advertiser,Ad Billing,1,5,609,578.14,Positive,2025-04-12,0.19747909670163147,0,Bajo
3838,1,Voice,User,Content Violation,0,4,749,0.0,Positive,2025-04-08,0.20128489411055037,0,Bajo
873,1,Email,Business Page,Account Access,1,4,558,0.0,Negative,2025-04-23,0.20710560463062577,0,Bajo
2699,0,Email,Advertiser,Account Access,1,2,389,0.0,Positive,2025-04-07,0.20399534064656125,0,Bajo
5619,0,Chat,User,Page Management,1,2,564,0.0,Negative,2025-04-06,0.22269769327962707,0,Bajo
8384,0,Voice,User,Ad Billing,1,5,450,0.0,Positive,2025-04-22,0.21918098866921232,0,Bajo
7743,1,Chat,Business Page,Page Management,0,3,548,0.0,Negative,2025-04-04,0.20168131428777486,0,Bajo
1665,0,Voice,User,Account Access,1,5,259,0.0,Negative,2025-04-24,0.2287624210207146,0,Bajo
8987,0,Chat,User,Page Management,1,5,502,0.0,Neutral,2025-04-21,0.1987948412318538,0,Bajo
1198,1,Email,Business Page,Account Access,0,2,567,0.0,Neutral,2025-04-01,0.1969730898668977,0,Bajo
8748,1,Email,Advertiser,Content Violation,1,5,785,0.0,Neutral,2025-04-01,0.17398020215666893,0,Bajo
3977,0,Chat,User,Account Access,1,3,455,0.0,Neutral,2025-04-10,0.20575050801975128,0,Bajo
183,0,Chat,User,Page Management,1,5,767,0.0,Positive,2025-04-19,0.19898717052067277,0,Bajo
8022,1,Chat,User,Account Access,1,1,647,0.0,Positive,2025-04-26,0.20664920872097658,0,Bajo
9095,0,Chat,Business Page,Page Management,1,5,623,0.0,Neutral,2025-04-22,0.18773882788799454,0,Bajo
6676,0,Chat,Business Page,Ad Billing,0,5,771,0.0,Negative,2025-04-29,0.19089501502051126,0,Bajo
5611,0,Chat,Advertiser,Ad Billing,1,4,783,491.22,Positive,2025-04-04,0.17813639213541918,0,Bajo
9423,0,Chat,Business Page,Content Violation,1,5,497,0.0,Negative,2025-04-22,0.17740388814256255,0,Bajo
6267,1,Email,Business Page,Page Management,1,5,509,0.0,Negative,2025-04-09,0.20510042237801884,0,Bajo
3468,1,Email,Advertiser,Content Violation,1,5,682,0.0,Neutral,2025-04-04,0.17738861513806595,0,Bajo
376,0,Chat,Business Page,Ad Billing,0,2,682,0.0,Positive,2025-04-08,0.1858284348187485,0,Bajo
4460,0,Voice,Advertiser,General Support,1,4,731,0.0,Positive,2025-04-12,0.19084845758372684,0,Bajo
3428,1,Chat,Business Page,Content Violation,1,4,887,0.0,Neutral,2025-04-27,0.1618147536751131,0,Bajo
7370,0,Email,User,Content Violation,1,2,652,0.0,Neutral,2025-04-10,0.19608962597878418,0,Bajo
2295,0,Voice,Business Page,Ad Billing,1,4,601,0.0,Neutral,2025-04-13,0.19650152920829492,0,Bajo
6777,0,Chat,Business Page,Account Access,1,2,791,0.0,Positive,2025-04-16,0.19550685459811806,0,Bajo
3174,0,Chat,Business Page,Account Access,1,5,678,0.0,Neutral,2025-04-05,0.19255727783266172,0,Bajo
2401,0,Voice,Advertiser,General Support,1,4,485,0.0,Positive,2025-04-05,0.20739900293242156,0,Bajo
5645,0,Email,Business Page,Ad Billing,0,3,514,0.0,Negative,2025-04-11,0.2019020476516161,0,Bajo
4388,0,Chat,Business Page,Content Violation,1,5,790,0.0,Negative,2025-04-08,0.17113914098055935,0,Bajo
7736,0,Chat,Business Page,Account Access,0,4,643,0.0,Negative,2025-04-04,0.20157799954313152,0,Bajo
7507,1,Chat,Advertiser,Content Violation,1,3,644,0.0,Neutral,2025-04-10,0.1863750230889907,0,Bajo
259,1,Voice,User,Content Violation,0,5,603,0.0,Neutral,2025-04-10,0.18299518665256292,0,Bajo
7608,0,Voice,Business Page,Page Management,0,2,441,0.0,Positive,2025-04-28,0.21889455154856818,0,Bajo
9086,1,Email,Advertiser,Account Access,1,5,699,0.0,Negative,2025-04-07,0.20603039597485695,0,Bajo
2942,1,Email,Advertiser,Content Violation,1,5,569,0.0,Positive,2025-04-04,0.1868441658557267,0,Bajo
8076,1,Voice,Business Page,Content Violation,1,4,459,0.0,Positive,2025-04-21,0.1990075558253671,0,Bajo
8319,1,Email,User,Content Violation,0,4,733,0.0,Neutral,2025-04-17,0.17813216166171925,0,Bajo
8238,1,Voice,Advertiser,Content Violation,1,5,512,0.0,Neutral,2025-04-26,0.1984045151660983,0,Bajo
9541,0,Voice,Advertiser,Content Violation,0,2,473,0.0,Negative,2025-04-08,0.2162152660657847,0,Bajo
5267,1,Email,User,General Support,0,4,556,0.0,Negative,2025-04-24,0.22327938538945544,0,Bajo
8459,0,Email,Business Page,General Support,1,5,536,0.0,Neutral,2025-04-08,0.1936615550600109,0,Bajo
9995,1,Voice,User,Page Management,1,5,677,0.0,Negative,2025-04-28,0.21102775710505695,0,Bajo
7031,0,Voice,Business Page,Content Violation,1,5,517,0.0,Negative,2025-04-06,0.19298635129379638,0,Bajo
6289,0,Chat,Advertiser,Account Access,1,2,617,0.0,Positive,2025-04-19,0.2035956334193151,0,Bajo
8512,0,Chat,User,Account Access,1,2,608,0.0,Neutral,2025-04-07,0.20392370543690874,0,Bajo
5627,0,Chat,Business Page,Content Violation,0,1,650,0.0,Positive,2025-04-10,0.19912151780977755,0,Bajo
1616,0,Email,Advertiser,Account Access,1,2,551,0.0,Negative,2025-04-22,0.21534520131947907,0,Bajo
8035,0,Email,Advertiser,Account Access,0,5,621,0.0,Neutral,2025-04-07,0.1955273094569749,0,Bajo
9221,1,Voice,Business Page,General Support,1,5,539,0.0,Positive,2025-04-07,0.19933469166826803,0,Bajo
3339,0,Chat,Business Page,General Support,0,5,357,0.0,Neutral,2025-04-09,0.19489628401708553,0,Bajo
787,1,Email,Advertiser,Ad Billing,1,2,516,376.66,Negative,2025-04-21,0.21960975102306002,0,Bajo
349,0,Voice,Advertiser,Account Access,1,5,475,0.0,Positive,2025-04-23,0.21793921789987888,0,Bajo
3893,1,Chat,User,Ad Billing,1,5,600,0.0,Neutral,2025-04-12,0.19731803182537078,0,Bajo
4244,0,Voice,User,Content Violation,1,5,547,0.0,Neutral,2025-04-19,0.19484091418531901,0,Bajo
846,0,Email,Business Page,Page Management,1,4,549,0.0,Positive,2025-04-17,0.19723936271430959,0,Bajo
638,0,Chat,Advertiser,Page Management,1,4,347,0.0,Neutral,2025-04-01,0.2065238961666121,0,Bajo
7541,0,Chat,Advertiser,General Support,1,3,402,0.0,Negative,2025-04-22,0.21345613225697488,0,Bajo
5213,0,Email,Business Page,General Support,0,5,587,0.0,Negative,2025-04-25,0.20689938316416082,0,Bajo
1931,0,Chat,Advertiser,Account Access,0,4,713,0.0,Positive,2025-04-01,0.19051394296591612,0,Bajo
4467,0,Chat,User,General Support,1,3,596,0.0,Negative,2025-04-08,0.22014005397143888,0,Bajo
3983,1,Voice,Advertiser,General Support,0,4,488,0.0,Positive,2025-04-22,0.20524616876288507,0,Bajo
6963,0,Chat,Business Page,Account Access,1,3,575,0.0,Neutral,2025-04-16,0.196508426754627,0,Bajo
1902,0,Voice,Advertiser,Page Management,0,5,603,0.0,Negative,2025-04-25,0.19995373953275905,0,Bajo
3790,1,Chat,User,Ad Billing,1,4,556,0.0,Positive,2025-04-13,0.2027671135814704,0,Bajo
7166,0,Email,Advertiser,Account Access,0,3,534,0.0,Positive,2025-04-04,0.2006699560926839,0,Bajo
8705,1,Chat,User,Page Management,1,5,682,0.0,Positive,2025-04-17,0.19691924422754242,0,Bajo
5239,0,Chat,Business Page,Content Violation,0,5,594,0.0,Negative,2025-04-28,0.1724159949979231,0,Bajo
8364,0,Chat,Business Page,Content Violation,1,4,528,0.0,Negative,2025-04-20,0.17671496415533067,0,Bajo
7764,1,Email,Advertiser,Ad Billing,1,5,617,744.9,Positive,2025-04-21,0.20046733073137107,0,Bajo
3920,1,Chat,Business Page,Content Violation,1,4,530,0.0,Positive,2025-04-12,0.1836220865241479,0,Bajo
3379,0,Chat,Advertiser,Page Management,1,4,653,0.0,Negative,2025-04-07,0.20407491997977323,0,Bajo
8451,1,Chat,User,Account Access,1,1,612,0.0,Neutral,2025-04-24,0.20278522252402575,0,Bajo
3169,1,Chat,Business Page,Content Violation,1,5,522,0.0,Negative,2025-04-05,0.17692192526311784,0,Bajo
8173,0,Chat,Business Page,Ad Billing,0,4,459,0.0,Neutral,2025-04-04,0.1804544412818065,0,Bajo
2414,0,Email,User,Page Management,1,5,638,0.0,Neutral,2025-04-12,0.19754881122899248,0,Bajo
2117,0,Chat,Advertiser,General Support,1,4,636,0.0,Neutral,2025-04-03,0.19092810667525378,0,Bajo
3579,0,Email,Advertiser,Account Access,1,5,296,0.0,Neutral,2025-04-07,0.22342515795007795,0,Bajo
2628,1,Email,User,General Support,1,3,630,0.0,Neutral,2025-04-10,0.20396275417234747,0,Bajo
1450,0,Chat,User,Ad Billing,1,3,722,0.0,Negative,2025-04-02,0.21066134438386455,0,Bajo
9659,0,Chat,Advertiser,Ad Billing,1,5,713,9.87,Neutral,2025-04-21,0.18852013831460632,0,Bajo
8738,0,Email,Advertiser,Content Violation,1,3,501,0.0,Positive,2025-04-11,0.20179263502287967,0,Bajo
5937,0,Chat,Business Page,Ad Billing,1,5,442,0.0,Negative,2025-04-17,0.19742316605270538,0,Bajo
7353,0,Voice,Business Page,Page Management,1,4,448,0.0,Neutral,2025-04-10,0.20397360415310004,0,Bajo
1855,0,Chat,Advertiser,Content Violation,1,5,538,0.0,Negative,2025-04-04,0.1852589690491874,0,Bajo
6501,0,Email,Advertiser,Ad Billing,1,3,765,388.26,Negative,2025-04-02,0.21558126731223637,0,Bajo
3283,0,Chat,Advertiser,Page Management,0,4,807,0.0,Negative,2025-04-25,0.20389274706726057,0,Bajo
5772,0,Email,Business Page,Ad Billing,0,4,492,0.0,Positive,2025-04-20,0.18613638634095547,0,Bajo
7234,0,Email,Business Page,Content Violation,1,3,774,0.0,Positive,2025-04-19,0.18422715437726353,0,Bajo
7494,0,Chat,Business Page,Account Access,0,1,632,0.0,Neutral,2025-04-11,0.19134399004238412,0,Bajo
4587,0,Chat,Advertiser,Page Management,1,2,585,0.0,Positive,2025-04-02,0.2031551957859012,0,Bajo
9802,0,Voice,Advertiser,Ad Billing,1,5,622,647.8,Positive,2025-04-15,0.17907469064121073,0,Bajo
948,0,Chat,User,Content Violation,1,1,741,0.0,Neutral,2025-04-12,0.1907823560751073,0,Bajo
676,1,Email,User,Ad Billing,1,4,675,0.0,Negative,2025-04-05,0.20967125159303004,0,Bajo
2665,0,Email,User,General Support,0,4,513,0.0,Neutral,2025-04-16,0.20893229646121236,0,Bajo
6412,1,Email,Advertiser,Account Access,1,5,637,0.0,Positive,2025-04-15,0.19762145530121972,0,Bajo
2165,0,Chat,Advertiser,Content Violation,1,5,457,0.0,Neutral,2025-04-19,0.1855388019034616,0,Bajo
5618,0,Email,Business Page,Account Access,1,3,624,0.0,Positive,2025-04-12,0.19520574314938577,0,Bajo
8449,1,Voice,Business Page,Page Management,1,4,410,0.0,Negative,2025-04-28,0.2099266363969721,0,Bajo
6482,0,Chat,Business Page,Account Access,1,5,553,0.0,Positive,2025-04-09,0.19410447302606093,0,Bajo
1247,1,Chat,Advertiser,Page Management,1,3,488,0.0,Negative,2025-04-26,0.21097528680156358,0,Bajo
9679,1,Voice,Business Page,General Support,1,5,675,0.0,Negative,2025-04-05,0.19986324875799685,0,Bajo
6981,1,Chat,Business Page,Account Access,0,3,726,0.0,Neutral,2025-04-01,0.18869393806070828,0,Bajo
4453,0,Voice,User,Page Management,1,5,447,0.0,Positive,2025-04-01,0.22093348745299551,0,Bajo
2321,0,Chat,User,Content Violation,1,1,684,0.0,Negative,2025-04-01,0.19147546669579021,0,Bajo
2690,0,Chat,Advertiser,General Support,0,4,590,0.0,Neutral,2025-04-24,0.1879244033149398,0,Bajo
6923,0,Chat,User,General Support,1,5,611,0.0,Negative,2025-04-06,0.21673895587560327,0,Bajo
8149,0,Email,Advertiser,Ad Billing,1,1,361,284.1,Neutral,2025-04-06,0.1928094901878655,0,Bajo
232,0,Voice,User,Account Access,0,4,690,0.0,Negative,2025-04-15,0.22201165278496124,0,Bajo
1290,0,Chat,Business Page,General Support,1,3,551,0.0,Neutral,2025-04-11,0.19400919848525855,0,Bajo
6063,1,Chat,User,General Support,1,4,463,0.0,Positive,2025-04-09,0.19358456440392147,0,Bajo
8999,1,Chat,User,Account Access,1,4,601,0.0,Neutral,2025-04-22,0.20535308690774146,0,Bajo
2541,0,Email,User,Ad Billing,1,4,772,0.0,Positive,2025-04-19,0.19051942055268534,0,Bajo
1129,1,Chat,User,Ad Billing,1,4,563,0.0,Negative,2025-04-15,0.2144688959229237,0,Bajo
848,0,Chat,Business Page,Page Management,1,4,627,0.0,Negative,2025-04-19,0.20066357585470757,0,Bajo
4811,0,Email,Advertiser,Ad Billing,0,4,431,65.11,Neutral,2025-04-09,0.18679919385968388,0,Bajo
2802,1,Voice,User,Page Management,1,5,508,0.0,Negative,2025-04-13,0.21890307607133921,0,Bajo
4038,0,Email,Advertiser,Ad Billing,0,4,708,502.79,Negative,2025-04-12,0.20674604846151268,0,Bajo
5141,0,Chat,Business Page,Page Management,1,4,545,0.0,Neutral,2025-04-13,0.18995632732863696,0,Bajo
7174,0,Chat,Advertiser,Ad Billing,1,5,673,57.9,Negative,2025-04-27,0.19802177890283387,0,Bajo
6867,0,Email,User,Account Access,1,5,422,0.0,Negative,2025-04-09,0.2171028476277659,0,Bajo
2764,0,Voice,Advertiser,General Support,1,4,504,0.0,Neutral,2025-04-25,0.21039375047273684,0,Bajo
6089,0,Chat,User,Account Access,1,2,589,0.0,Positive,2025-04-14,0.2075543544878553,0,Bajo
7356,0,Email,Business Page,Page Management,1,5,708,0.0,Negative,2025-04-20,0.20869399098026337,0,Bajo
3506,0,Chat,User,General Support,0,2,653,0.0,Negative,2025-04-19,0.21332225287696902,0,Bajo
5848,0,Chat,Business Page,Page Management,1,4,254,0.0,Negative,2025-04-13,0.2347259151016932,0,Bajo
5541,0,Chat,Business Page,Ad Billing,0,3,592,0.0,Positive,2025-04-21,0.1808675528025113,0,Bajo
5978,0,Voice,User,Ad Billing,1,4,458,0.0,Positive,2025-04-07,0.21865326789864473,0,Bajo
4802,0,Voice,Business Page,Account Access,1,3,690,0.0,Positive,2025-04-07,0.20294979892238849,0,Bajo
1133,0,Chat,Advertiser,General Support,0,3,742,0.0,Positive,2025-04-07,0.18286277240543458,0,Bajo
2174,0,Chat,Advertiser,Ad Billing,1,5,531,402.75,Positive,2025-04-13,0.19282955529453413,0,Bajo
4274,0,Chat,Advertiser,Account Access,0,2,468,0.0,Positive,2025-04-10,0.1996308545048265,0,Bajo
7859,0,Email,Advertiser,Content Violation,1,4,716,0.0,Positive,2025-04-23,0.18287042226949066,0,Bajo
8408,0,Chat,Advertiser,Ad Billing,1,2,656,573.73,Negative,2025-04-05,0.20390265498922328,0,Bajo
2147,0,Chat,Advertiser,Content Violation,1,1,737,0.0,Positive,2025-04-20,0.2029975426326236,0,Bajo
5926,0,Chat,User,Ad Billing,1,5,454,0.0,Neutral,2025-04-27,0.1964366735650278,0,Bajo
5526,0,Voice,User,Account Access,0,4,556,0.0,Neutral,2025-04-12,0.21844459506285618,0,Bajo
6255,0,Voice,Business Page,Content Violation,1,5,598,0.0,Neutral,2025-04-12,0.18013799528034904,0,Bajo
6813,0,Voice,Advertiser,Ad Billing,1,5,556,237.93,Neutral,2025-04-22,0.2069974884975438,0,Bajo
6812,0,Voice,User,Page Management,1,4,764,0.0,Negative,2025-04-05,0.21084764438446893,0,Bajo
4023,0,Chat,User,General Support,0,2,687,0.0,Negative,2025-04-08,0.210288025522673,0,Bajo
8887,0,Chat,Business Page,Ad Billing,1,5,466,0.0,Positive,2025-04-14,0.1867556033216845,0,Bajo
51,0,Chat,Business Page,Account Access,0,4,444,0.0,Negative,2025-04-02,0.20842906248728701,0,Bajo
2026,1,Voice,Business Page,Content Violation,1,5,690,0.0,Positive,2025-04-28,0.18429736830605953,0,Bajo
9264,0,Email,Advertiser,Account Access,0,4,565,0.0,Neutral,2025-04-07,0.19860854812167145,0,Bajo
618,0,Chat,Advertiser,Content Violation,1,5,725,0.0,Neutral,2025-04-11,0.17375603328643782,0,Bajo
3132,0,Email,Advertiser,General Support,1,4,511,0.0,Positive,2025-04-06,0.19733277646114886,0,Bajo
3938,0,Voice,Advertiser,General Support,1,4,749,0.0,Neutral,2025-04-07,0.19530112379833062,0,Bajo
9850,0,Chat,Business Page,Page Management,1,5,768,0.0,Neutral,2025-04-05,0.18760320388645743,0,Bajo
6789,0,Email,Business Page,General Support,1,3,518,0.0,Positive,2025-04-01,0.1930764737350509,0,Bajo
2111,0,Email,Advertiser,Ad Billing,0,4,577,149.21,Negative,2025-04-12,0.20011100109888796,0,Bajo
7400,0,Voice,Business Page,Page Management,1,1,723,0.0,Neutral,2025-04-21,0.21084236647548263,0,Bajo
8706,0,Voice,Advertiser,Page Management,0,3,597,0.0,Positive,2025-04-01,0.2080958703204026,0,Bajo
9869,0,Chat,Business Page,Account Access,1,5,746,0.0,Negative,2025-04-22,0.2056812959397555,0,Bajo
8103,0,Chat,User,Ad Billing,1,4,506,0.0,Positive,2025-04-09,0.20244815600011498,0,Bajo
9277,1,Voice,User,General Support,1,3,500,0.0,Negative,2025-04-27,0.23080259833034023,0,Bajo
7463,0,Chat,Advertiser,General Support,1,3,730,0.0,Neutral,2025-04-06,0.1927053744348656,0,Bajo
9111,1,Chat,Business Page,General Support,1,5,636,0.0,Negative,2025-04-19,0.20421812574880768,0,Bajo
506,1,Chat,Business Page,General Support,0,4,760,0.0,Negative,2025-04-15,0.19904383085315322,0,Bajo
8057,0,Chat,User,General Support,1,5,662,0.0,Positive,2025-04-12,0.1939124971164393,0,Bajo
3205,0,Voice,Business Page,Ad Billing,1,5,593,0.0,Positive,2025-04-27,0.20014118669292716,0,Bajo
7919,0,Voice,User,Account Access,1,4,430,0.0,Negative,2025-04-17,0.22545504264441546,0,Bajo
2841,1,Voice,Business Page,Ad Billing,1,4,554,0.0,Neutral,2025-04-28,0.19962169496624452,0,Bajo
7894,0,Chat,Advertiser,General Support,1,3,471,0.0,Positive,2025-04-11,0.19503296174181764,0,Bajo
3246,0,Email,Business Page,Ad Billing,1,3,653,0.0,Negative,2025-04-25,0.20976691551615664,0,Bajo
1345,0,Chat,Business Page,Content Violation,1,4,572,0.0,Neutral,2025-04-02,0.16992868073426814,0,Bajo
3734,0,Chat,User,Page Management,1,5,565,0.0,Negative,2025-04-17,0.21520893596268445,0,Bajo
8726,0,Chat,Business Page,Ad Billing,0,3,619,0.0,Positive,2025-04-15,0.18045413680732267,0,Bajo
3037,0,Chat,User,Page Management,1,5,576,0.0,Neutral,2025-04-23,0.19919315946898442,0,Bajo
7328,0,Chat,Business Page,Page Management,1,2,480,0.0,Negative,2025-04-17,0.21385168892378953,0,Bajo
2695,0,Email,User,General Support,1,5,680,0.0,Negative,2025-04-08,0.21625802375646727,0,Bajo
4148,0,Chat,Advertiser,Content Violation,0,5,597,0.0,Positive,2025-04-13,0.18150388960593394,0,Bajo
7217,0,Chat,Advertiser,Ad Billing,1,4,796,939.81,Positive,2025-04-16,0.07762306511007444,0,Bajo
2746,0,Chat,User,Ad Billing,1,3,699,0.0,Neutral,2025-04-19,0.19923868498131767,0,Bajo
5719,1,Email,User,Ad Billing,1,4,453,0.0,Negative,2025-04-19,0.21130418979295681,0,Bajo
4543,0,Chat,Business Page,Content Violation,1,4,485,0.0,Positive,2025-04-13,0.1837525745760044,0,Bajo
7004,0,Voice,Advertiser,Page Management,1,5,511,0.0,Neutral,2025-04-16,0.2111851138561746,0,Bajo
9698,0,Voice,Advertiser,Ad Billing,1,4,870,82.26,Negative,2025-04-26,0.19690650134942891,0,Bajo
9893,0,Chat,Advertiser,Account Access,1,4,517,0.0,Positive,2025-04-23,0.20039403829218821,0,Bajo
1647,0,Chat,Advertiser,General Support,0,5,677,0.0,Neutral,2025-04-15,0.18623808110149084,0,Bajo
6166,0,Chat,Business Page,General Support,0,3,578,0.0,Neutral,2025-04-04,0.18870612604118486,0,Bajo
8097,0,Email,Business Page,Account Access,0,4,424,0.0,Negative,2025-04-18,0.2141045102458896,0,Bajo
9481,0,Chat,Advertiser,Ad Billing,0,2,591,121.26,Neutral,2025-04-09,0.18789612189813348,0,Bajo
6670,0,Email,Business Page,Ad Billing,1,2,482,0.0,Negative,2025-04-13,0.2086516058987466,0,Bajo
2052,0,Email,User,General Support,1,2,481,0.0,Positive,2025-04-22,0.19656620123817636,0,Bajo
6601,1,Voice,User,Account Access,1,5,652,0.0,Negative,2025-04-18,0.21979666692283625,0,Bajo
1720,0,Voice,User,Ad Billing,1,4,477,0.0,Neutral,2025-04-23,0.2158892517136781,0,Bajo
4381,0,Chat,User,Ad Billing,1,2,645,0.0,Negative,2025-04-03,0.21363735744915577,0,Bajo
558,0,Email,Business Page,General Support,1,5,591,0.0,Positive,2025-04-22,0.1925268777036882,0,Bajo
3560,0,Email,User,General Support,0,5,834,0.0,Negative,2025-04-18,0.2143809799064641,0,Bajo
3422,0,Email,User,Account Access,1,5,798,0.0,Neutral,2025-04-01,0.19184320670816485,0,Bajo
179,0,Voice,Advertiser,Ad Billing,1,5,553,908.4,Negative,2025-04-01,0.34487662139752046,0,Medio
5590,1,Email,Advertiser,Ad Billing,0,5,427,489.06,Negative,2025-04-28,0.2183915765753965,0,Bajo
9479,0,Chat,Business Page,Page Management,1,4,900,0.0,Negative,2025-04-01,0.21903268958511,0,Bajo
5127,0,Voice,Business Page,Page Management,1,4,429,0.0,Negative,2025-04-13,0.20972219927963617,0,Bajo
1465,0,Voice,User,Account Access,1,4,607,0.0,Positive,2025-04-25,0.21708279116694737,0,Bajo
2655,0,Chat,Business Page,Ad Billing,1,2,355,0.0,Negative,2025-04-15,0.21555133553104727,0,Bajo
816,1,Chat,Business Page,Page Management,1,4,582,0.0,Positive,2025-04-13,0.19586306500542888,0,Bajo
6990,1,Voice,User,Ad Billing,1,5,699,0.0,Neutral,2025-04-07,0.20472401236309026,0,Bajo
2701,0,Chat,User,General Support,1,4,680,0.0,Negative,2025-04-19,0.21501773120672568,0,Bajo
3413,0,Voice,Advertiser,General Support,1,4,762,0.0,Positive,2025-04-06,0.19836745489874566,0,Bajo
3038,0,Voice,Advertiser,Content Violation,0,5,657,0.0,Positive,2025-04-11,0.18748412235202727,0,Bajo
8169,0,Chat,Advertiser,Content Violation,1,5,546,0.0,Neutral,2025-04-18,0.1794972861755504,0,Bajo
8257,0,Chat,User,Page Management,0,3,566,0.0,Neutral,2025-04-11,0.2008554807121329,0,Bajo
716,0,Voice,User,Account Access,1,5,636,0.0,Positive,2025-04-03,0.21074676362454078,0,Bajo
7430,1,Email,Advertiser,Page Management,1,5,593,0.0,Negative,2025-04-17,0.2066634249917174,0,Bajo
5330,0,Chat,User,General Support,1,5,652,0.0,Positive,2025-04-02,0.19251904195931718,0,Bajo
3156,0,Chat,User,Account Access,0,4,635,0.0,Positive,2025-04-02,0.1977941999365332,0,Bajo
5349,0,Email,Advertiser,Content Violation,1,5,662,0.0,Negative,2025-04-28,0.18545509004239494,0,Bajo
8495,0,Chat,User,Content Violation,0,5,668,0.0,Negative,2025-04-25,0.18289327891980883,0,Bajo
3078,1,Email,User,Account Access,1,4,661,0.0,Negative,2025-04-27,0.21767996526940578,0,Bajo
7781,0,Email,User,Account Access,1,5,631,0.0,Neutral,2025-04-08,0.20307882271536903,0,Bajo
3672,0,Email,Advertiser,Ad Billing,1,5,799,585.22,Negative,2025-04-18,0.203023313911171,0,Bajo
3595,0,Email,Business Page,General Support,1,2,491,0.0,Positive,2025-04-21,0.19291537899638556,0,Bajo
5536,1,Chat,User,Page Management,0,3,714,0.0,Neutral,2025-04-07,0.19987345473739665,0,Bajo
3874,1,Voice,Advertiser,General Support,1,5,327,0.0,Neutral,2025-04-23,0.23259228999968784,0,Bajo
9205,0,Email,Advertiser,Content Violation,1,4,530,0.0,Negative,2025-04-28,0.1952871209065146,0,Bajo
7599,0,Chat,User,Account Access,1,5,595,0.0,Negative,2025-04-06,0.2157219309614415,0,Bajo
5615,0,Chat,User,General Support,0,4,698,0.0,Negative,2025-04-17,0.21171908460418615,0,Bajo
7773,0,Email,Advertiser,Ad Billing,0,4,446,409.97,Positive,2025-04-22,0.17819622079533304,0,Bajo
8320,0,Email,Advertiser,Account Access,1,4,559,0.0,Positive,2025-04-28,0.1997598549294283,0,Bajo
6391,0,Voice,Business Page,Ad Billing,1,5,607,0.0,Positive,2025-04-02,0.2007617225720851,0,Bajo
1183,0,Voice,Advertiser,Account Access,0,5,653,0.0,Negative,2025-04-02,0.20793478494008413,0,Bajo
9436,0,Voice,Business Page,Page Management,1,4,517,0.0,Negative,2025-04-26,0.2091909856370767,0,Bajo
247,0,Chat,User,Ad Billing,1,4,675,0.0,Negative,2025-04-29,0.209106889964298,0,Bajo
6736,0,Email,User,Content Violation,1,5,688,0.0,Neutral,2025-04-10,0.17675867110048754,0,Bajo
119,0,Chat,User,Ad Billing,1,5,835,0.0,Positive,2025-04-29,0.18240848899352177,0,Bajo
1741,0,Email,Business Page,Account Access,1,4,770,0.0,Positive,2025-04-19,0.18791561575259508,0,Bajo
3395,0,Chat,Business Page,Account Access,1,4,461,0.0,Positive,2025-04-07,0.19635102258292192,0,Bajo
623,0,Chat,User,Content Violation,0,4,669,0.0,Negative,2025-04-21,0.18363458588755138,0,Bajo
9520,0,Chat,Business Page,Content Violation,0,4,618,0.0,Negative,2025-04-10,0.17246110786583083,0,Bajo
3416,1,Chat,Business Page,Account Access,1,4,558,0.0,Positive,2025-04-24,0.19425156801716292,0,Bajo
6098,0,Chat,User,Content Violation,0,4,620,0.0,Positive,2025-04-09,0.18676305993753758,0,Bajo
3897,1,Email,Business Page,General Support,0,4,715,0.0,Negative,2025-04-26,0.2018155982191822,0,Bajo
5348,0,Email,User,General Support,1,4,662,0.0,Neutral,2025-04-16,0.20504254607659017,0,Bajo
3792,0,Chat,User,Page Management,1,1,624,0.0,Negative,2025-04-25,0.20504238790466223,0,Bajo
6419,0,Email,Business Page,Page Management,1,5,576,0.0,Negative,2025-04-29,0.20662976735622218,0,Bajo
7719,1,Email,Business Page,Ad Billing,1,5,569,0.0,Neutral,2025-04-18,0.18883708024309598,0,Bajo
8189,0,Chat,Advertiser,Ad Billing,1,3,635,588.02,Positive,2025-04-10,0.19322772383939482,0,Bajo
898,0,Voice,User,General Support,1,5,644,0.0,Neutral,2025-04-09,0.19967502640208584,0,Bajo
2787,0,Email,User,Ad Billing,1,3,396,0.0,Positive,2025-04-10,0.19963745041878167,0,Bajo
8859,0,Chat,Advertiser,General Support,1,5,859,0.0,Negative,2025-04-26,0.19884501331585988,0,Bajo
1836,1,Email,Business Page,Page Management,0,4,824,0.0,Negative,2025-04-16,0.20560274943360213,0,Bajo
523,0,Email,Advertiser,Account Access,1,3,529,0.0,Positive,2025-04-08,0.20218156255354836,0,Bajo
3995,1,Chat,Business Page,Account Access,0,2,762,0.0,Positive,2025-04-03,0.18791887878996838,0,Bajo
9217,0,Chat,Business Page,General Support,1,1,683,0.0,Negative,2025-04-02,0.20988052121144568,0,Bajo
6625,0,Chat,Business Page,Page Management,0,5,543,0.0,Positive,2025-04-10,0.18905394668923314,0,Bajo
5840,0,Email,User,Ad Billing,1,4,540,0.0,Positive,2025-04-14,0.20300925395367206,0,Bajo
375,0,Email,Advertiser,Content Violation,1,1,454,0.0,Negative,2025-04-17,0.18534028735751784,0,Bajo
8249,0,Email,Business Page,Page Management,0,4,739,0.0,Positive,2025-04-17,0.18887255438800682,0,Bajo
772,0,Chat,Business Page,Content Violation,1,4,641,0.0,Positive,2025-04-20,0.18026979422808329,0,Bajo
8447,0,Chat,User,Content Violation,1,5,449,0.0,Positive,2025-04-18,0.18798315044101502,0,Bajo
2118,0,Chat,Business Page,Ad Billing,1,3,611,0.0,Negative,2025-04-02,0.20680331941173277,0,Bajo
5950,0,Email,User,Ad Billing,0,2,417,0.0,Neutral,2025-04-28,0.1908469424570968,0,Bajo
9894,0,Chat,User,Content Violation,1,3,500,0.0,Neutral,2025-04-23,0.18724356063938968,0,Bajo
551,1,Email,Advertiser,General Support,1,4,591,0.0,Neutral,2025-04-03,0.1967111688209481,0,Bajo
2481,0,Email,Business Page,General Support,1,5,670,0.0,Negative,2025-04-03,0.204982423612952,0,Bajo
3372,0,Chat,Business Page,Content Violation,1,4,672,0.0,Negative,2025-04-10,0.17443048007623976,0,Bajo
236,0,Email,Advertiser,Content Violation,1,5,547,0.0,Negative,2025-04-28,0.19070904519831802,0,Bajo
3183,0,Chat,Business Page,Ad Billing,1,5,398,0.0,Negative,2025-04-22,0.1994642729218895,0,Bajo
7865,0,Chat,User,Page Management,0,5,538,0.0,Negative,2025-04-24,0.21265390655172164,0,Bajo
7885,0,Chat,Advertiser,Account Access,0,2,633,0.0,Neutral,2025-04-07,0.1941066718804372,0,Bajo
3828,0,Email,User,Page Management,1,2,751,0.0,Negative,2025-04-05,0.2299972709467703,0,Bajo
9500,0,Chat,User,Account Access,1,5,505,0.0,Positive,2025-04-05,0.20720046690992192,0,Bajo
5357,0,Chat,User,Content Violation,1,4,697,0.0,Negative,2025-04-10,0.1895960312401829,0,Bajo
3380,0,Chat,Advertiser,Ad Billing,0,4,544,591.36,Neutral,2025-04-02,0.19622108736760477,0,Bajo
9465,0,Email,Business Page,Ad Billing,1,3,583,0.0,Positive,2025-04-22,0.19704310587551083,0,Bajo
2935,1,Email,Advertiser,Ad Billing,1,2,578,698.77,Positive,2025-04-07,0.19373855813631424,0,Bajo
9785,0,Voice,Advertiser,Account Access,1,4,519,0.0,Positive,2025-04-26,0.21554365103171766,0,Bajo
9241,0,Chat,Business Page,Ad Billing,1,3,647,0.0,Positive,2025-04-13,0.19162553743473862,0,Bajo
4648,1,Email,Business Page,Page Management,0,5,494,0.0,Positive,2025-04-19,0.1913163840261943,0,Bajo
7112,0,Email,Business Page,Page Management,1,2,464,0.0,Positive,2025-04-05,0.20568970750596285,0,Bajo
3466,1,Chat,User,Ad Billing,1,1,601,0.0,Negative,2025-04-18,0.20993429485609774,0,Bajo
5063,1,Voice,Business Page,Ad Billing,0,5,464,0.0,Neutral,2025-04-06,0.19592778404343364,0,Bajo
3,0,Chat,Advertiser,Ad Billing,1,5,633,460.52,Neutral,2025-04-17,0.20135338496449032,0,Bajo
606,0,Chat,Advertiser,Page Management,0,4,636,0.0,Positive,2025-04-22,0.18371672948076428,0,Bajo
678,0,Email,Advertiser,Page Management,0,5,795,0.0,Negative,2025-04-01,0.20681189734254737,0,Bajo
4085,0,Email,Business Page,Page Management,1,5,538,0.0,Neutral,2025-04-06,0.19047846346401634,0,Bajo
6205,0,Email,User,Content Violation,1,2,412,0.0,Negative,2025-04-02,0.19648934918846447,0,Bajo
2431,0,Voice,Business Page,General Support,0,3,442,0.0,Positive,2025-04-26,0.20648868641348966,0,Bajo
5693,0,Chat,Advertiser,Content Violation,0,4,557,0.0,Positive,2025-04-14,0.198042466328618,0,Bajo
4792,0,Chat,Advertiser,Page Management,0,3,607,0.0,Positive,2025-04-11,0.19172501855170418,0,Bajo
2858,0,Voice,Advertiser,Account Access,0,3,421,0.0,Neutral,2025-04-27,0.2192114318792255,0,Bajo
4251,0,Chat,Advertiser,Account Access,1,3,603,0.0,Positive,2025-04-11,0.20133427564849066,0,Bajo
3025,0,Email,Business Page,Page Management,1,5,482,0.0,Negative,2025-04-24,0.20356828546328876,0,Bajo
2276,1,Chat,Advertiser,Content Violation,1,4,556,0.0,Positive,2025-04-12,0.1932323415683617,0,Bajo
6291,0,Chat,User,Page Management,0,4,592,0.0,Positive,2025-04-11,0.19732851927528583,0,Bajo
6532,0,Chat,Advertiser,Ad Billing,1,2,626,377.34,Negative,2025-04-17,0.20594107123300018,0,Bajo
6122,0,Email,User,Content Violation,1,4,654,0.0,Negative,2025-04-24,0.1931733059758216,0,Bajo
6119,0,Chat,Advertiser,Ad Billing,0,5,699,904.13,Negative,2025-04-18,0.2136737769957002,0,Bajo
161,1,Voice,User,Ad Billing,1,3,602,0.0,Positive,2025-04-25,0.21496202780897053,0,Bajo
592,0,Email,Business Page,General Support,1,3,604,0.0,Negative,2025-04-08,0.2132948233038147,0,Bajo
7417,0,Voice,Business Page,General Support,1,4,441,0.0,Positive,2025-04-06,0.20248649830450857,0,Bajo
6282,0,Email,Advertiser,Page Management,1,4,510,0.0,Neutral,2025-04-04,0.19769918919043378,0,Bajo
3868,0,Chat,User,Page Management,0,2,624,0.0,Positive,2025-04-15,0.19660096879165126,0,Bajo
59,0,Email,Advertiser,General Support,1,2,779,0.0,Negative,2025-04-15,0.21550050984947852,0,Bajo
7186,0,Chat,User,Content Violation,0,4,599,0.0,Negative,2025-04-21,0.18286283654804597,0,Bajo
8401,0,Voice,Business Page,General Support,1,5,714,0.0,Neutral,2025-04-05,0.18619405475220155,0,Bajo
2556,0,Chat,Business Page,Page Management,0,2,676,0.0,Negative,2025-04-10,0.2077525874198355,0,Bajo
3749,0,Email,User,Content Violation,1,3,731,0.0,Negative,2025-04-20,0.19810202451675885,0,Bajo
2902,0,Chat,Business Page,Account Access,1,4,639,0.0,Neutral,2025-04-26,0.19354385473192828,0,Bajo
5018,0,Chat,User,Account Access,1,4,626,0.0,Negative,2025-04-28,0.20978502550389733,0,Bajo
4759,1,Email,Advertiser,Ad Billing,0,5,494,504.08,Neutral,2025-04-22,0.19483650352536994,0,Bajo
4224,0,Voice,Business Page,Account Access,0,5,660,0.0,Negative,2025-04-06,0.20592567971239537,0,Bajo
5945,0,Chat,User,Page Management,1,5,548,0.0,Neutral,2025-04-15,0.1996112954522614,0,Bajo
7666,1,Chat,User,General Support,0,3,724,0.0,Positive,2025-04-22,0.1854629163591689,0,Bajo
4443,0,Chat,Advertiser,Account Access,1,4,515,0.0,Neutral,2025-04-10,0.2030707266091049,0,Bajo
2753,0,Chat,User,Page Management,1,4,592,0.0,Negative,2025-04-24,0.21408491118115555,0,Bajo
4455,1,Chat,Advertiser,Ad Billing,1,1,503,983.36,Positive,2025-04-19,0.10596080051307812,0,Bajo
8935,0,Email,Advertiser,General Support,0,2,579,0.0,Negative,2025-04-08,0.20476194794024116,0,Bajo
7602,0,Chat,Business Page,Page Management,1,3,786,0.0,Negative,2025-04-11,0.2092266122985943,0,Bajo
3677,0,Email,User,Page Management,1,1,590,0.0,Negative,2025-04-23,0.2110371744322171,0,Bajo
7963,0,Voice,Business Page,General Support,0,2,768,0.0,Positive,2025-04-24,0.19209176899181396,0,Bajo
9954,0,Email,User,General Support,1,3,754,0.0,Positive,2025-04-16,0.1929486866496739,0,Bajo
8727,0,Chat,User,Page Management,1,4,364,0.0,Neutral,2025-04-24,0.20449250807543176,0,Bajo
9324,0,Chat,Advertiser,General Support,0,3,509,0.0,Negative,2025-04-27,0.20619421498095772,0,Bajo
8245,0,Voice,User,Ad Billing,1,5,584,0.0,Positive,2025-04-12,0.21673575196933714,0,Bajo
9290,0,Email,Business Page,Account Access,1,3,719,0.0,Neutral,2025-04-10,0.19563078420505656,0,Bajo
2908,0,Chat,Advertiser,Page Management,1,4,661,0.0,Negative,2025-04-07,0.20344352469971172,0,Bajo
956,0,Email,User,Ad Billing,1,2,353,0.0,Neutral,2025-04-09,0.20425072604691605,0,Bajo
5052,0,Email,Business Page,Account Access,1,5,702,0.0,Negative,2025-04-02,0.20595387794706319,0,Bajo
8684,0,Chat,Business Page,Ad Billing,1,5,553,0.0,Neutral,2025-04-22,0.18858239287625345,0,Bajo
6457,1,Chat,User,Ad Billing,0,5,583,0.0,Neutral,2025-04-10,0.19201347161038376,0,Bajo
5623,0,Voice,Advertiser,Page Management,0,4,584,0.0,Neutral,2025-04-27,0.20540269001460262,0,Bajo
4193,1,Voice,Business Page,Page Management,1,1,394,0.0,Neutral,2025-04-07,0.20830987707356427,0,Bajo
6596,0,Chat,Business Page,Page Management,0,5,669,0.0,Neutral,2025-04-22,0.18909512452512056,0,Bajo
5367,0,Chat,Advertiser,Account Access,1,5,594,0.0,Neutral,2025-04-25,0.20285922927775948,0,Bajo
5820,0,Email,Business Page,Account Access,0,5,630,0.0,Positive,2025-04-03,0.18920071236488767,0,Bajo
3848,0,Chat,User,Content Violation,1,5,605,0.0,Negative,2025-04-28,0.1872883635404663,0,Bajo
2790,0,Chat,Advertiser,General Support,1,5,583,0.0,Positive,2025-04-24,0.1924835752961626,0,Bajo
8385,0,Email,Advertiser,Ad Billing,1,5,887,440.41,Neutral,2025-04-21,0.17094522644810614,0,Bajo
3262,0,Email,Advertiser,Ad Billing,0,5,770,436.28,Negative,2025-04-01,0.19385626565716804,0,Bajo
3521,1,Chat,Business Page,Page Management,1,5,496,0.0,Neutral,2025-04-29,0.1861137730278689,0,Bajo
9037,1,Chat,Business Page,Content Violation,1,4,698,0.0,Negative,2025-04-18,0.17608384161125207,0,Bajo
9491,0,Chat,User,Ad Billing,1,3,647,0.0,Negative,2025-04-29,0.21416655820066777,0,Bajo
4103,0,Chat,Business Page,Page Management,1,5,707,0.0,Neutral,2025-04-01,0.19053581529154473,0,Bajo
276,0,Chat,Advertiser,Ad Billing,0,4,519,917.97,Neutral,2025-04-23,0.17936938845273276,0,Bajo
1605,0,Email,Advertiser,General Support,1,3,532,0.0,Positive,2025-04-17,0.19819832800378223,0,Bajo
5592,0,Email,User,General Support,1,5,658,0.0,Negative,2025-04-13,0.22017072465150966,0,Bajo
4693,0,Voice,Advertiser,Page Management,1,5,474,0.0,Positive,2025-04-11,0.2138563503363902,0,Bajo
5280,0,Email,User,Page Management,1,5,622,0.0,Neutral,2025-04-14,0.19758292146782652,0,Bajo
1770,0,Chat,Advertiser,Ad Billing,0,3,566,957.71,Negative,2025-04-27,0.11903661282421911,0,Bajo
3805,0,Chat,Advertiser,Page Management,1,4,522,0.0,Negative,2025-04-23,0.20426639369224628,0,Bajo
205,1,Chat,Advertiser,General Support,0,4,599,0.0,Negative,2025-04-20,0.1969872485214837,0,Bajo
2983,0,Chat,Business Page,Account Access,1,5,597,0.0,Positive,2025-04-03,0.19503309100242802,0,Bajo
6991,0,Voice,Business Page,Account Access,0,4,458,0.0,Negative,2025-04-10,0.2166426738733172,0,Bajo
1713,0,Chat,User,Ad Billing,1,4,598,0.0,Negative,2025-04-10,0.21153944187729817,0,Bajo
9093,0,Email,User,Account Access,1,3,479,0.0,Negative,2025-04-17,0.22274862144159982,0,Bajo
7527,0,Chat,Advertiser,Ad Billing,1,4,430,820.17,Positive,2025-04-04,0.2156947682485369,0,Bajo
6001,1,Email,User,Page Management,0,4,627,0.0,Positive,2025-04-19,0.19155305204836887,0,Bajo
6863,0,Chat,Business Page,Ad Billing,1,3,804,0.0,Positive,2025-04-23,0.1817255268755959,0,Bajo
7300,0,Email,Business Page,Page Management,0,3,545,0.0,Negative,2025-04-21,0.20816256638304614,0,Bajo
8976,0,Voice,User,General Support,1,5,722,0.0,Positive,2025-04-28,0.1948243616225648,0,Bajo
6895,0,Chat,Advertiser,Account Access,1,2,628,0.0,Negative,2025-04-01,0.21244525856349156,0,Bajo
7191,0,Voice,Advertiser,Content Violation,1,2,436,0.0,Neutral,2025-04-01,0.2137899235374,0,Bajo
7714,0,Email,Business Page,Page Management,0,5,557,0.0,Neutral,2025-04-18,0.1895075762485104,0,Bajo
4369,0,Chat,Advertiser,Ad Billing,1,5,659,417.8,Negative,2025-04-19,0.20313684364878948,0,Bajo
8662,0,Chat,Advertiser,Page Management,0,5,589,0.0,Negative,2025-04-18,0.19275516264382556,0,Bajo
1242,0,Chat,Business Page,Ad Billing,1,4,518,0.0,Positive,2025-04-16,0.19035839715316957,0,Bajo
5408,0,Voice,Business Page,Content Violation,1,5,486,0.0,Neutral,2025-04-11,0.19497033245450499,0,Bajo
4675,0,Chat,User,Account Access,1,4,536,0.0,Positive,2025-04-20,0.20718205236672968,0,Bajo
1276,0,Chat,Advertiser,Ad Billing,1,4,605,324.62,Negative,2025-04-07,0.21503947410615173,0,Bajo
5572,0,Chat,User,Account Access,1,4,780,0.0,Neutral,2025-04-23,0.1916656796061118,0,Bajo
5163,1,Chat,User,General Support,0,5,704,0.0,Negative,2025-04-23,0.20924748362138507,0,Bajo
9919,0,Chat,Business Page,Content Violation,1,5,550,0.0,Neutral,2025-04-13,0.1672540163307063,0,Bajo
7696,0,Chat,Advertiser,Page Management,1,5,534,0.0,Neutral,2025-04-24,0.19386349398740402,0,Bajo
2163,0,Email,User,Account Access,1,5,508,0.0,Negative,2025-04-06,0.2193118565923006,0,Bajo
4133,0,Email,User,Page Management,1,4,342,0.0,Positive,2025-04-11,0.22102747518151605,0,Bajo
7381,0,Email,Advertiser,Account Access,1,5,546,0.0,Negative,2025-04-15,0.2107644270392263,0,Bajo
4412,0,Voice,Business Page,Page Management,1,5,804,0.0,Neutral,2025-04-12,0.19207208016354688,0,Bajo
663,0,Email,User,Account Access,0,3,518,0.0,Positive,2025-04-03,0.21303099649633203,0,Bajo
3572,0,Email,Advertiser,General Support,1,4,453,0.0,Positive,2025-04-05,0.19693001936437038,0,Bajo
3553,0,Voice,Advertiser,Content Violation,0,3,755,0.0,Negative,2025-04-24,0.20960213468340844,0,Bajo
9026,0,Email,Advertiser,Content Violation,1,2,509,0.0,Neutral,2025-04-21,0.19337422565970183,0,Bajo
4959,0,Chat,User,Content Violation,0,5,402,0.0,Positive,2025-04-01,0.19049889347195695,0,Bajo
6356,0,Chat,Advertiser,Account Access,1,5,736,0.0,Neutral,2025-04-14,0.19734652117062124,0,Bajo
4152,0,Chat,User,Content Violation,1,5,517,0.0,Positive,2025-04-05,0.18843646275678533,0,Bajo
4357,1,Email,Advertiser,Page Management,1,5,679,0.0,Negative,2025-04-01,0.20826302294229151,0,Bajo
2359,0,Chat,User,Account Access,1,4,349,0.0,Negative,2025-04-15,0.2273215443936244,0,Bajo
3223,1,Chat,Business Page,Content Violation,1,4,689,0.0,Negative,2025-04-07,0.17522483223942245,0,Bajo
2039,0,Chat,Business Page,Content Violation,1,4,377,0.0,Positive,2025-04-23,0.19378771609441173,0,Bajo
8324,0,Chat,Business Page,Page Management,0,2,782,0.0,Negative,2025-04-11,0.21122350333735593,0,Bajo
6577,0,Email,Business Page,General Support,0,3,563,0.0,Neutral,2025-04-10,0.19375938233345624,0,Bajo
8790,0,Email,Business Page,General Support,0,4,668,0.0,Negative,2025-04-13,0.20280946093207736,0,Bajo
3603,0,Chat,User,Page Management,1,4,652,0.0,Positive,2025-04-28,0.20006944987199707,0,Bajo
3757,0,Email,Advertiser,General Support,1,3,367,0.0,Positive,2025-04-19,0.2097248831642049,0,Bajo
4323,1,Email,Business Page,General Support,1,5,594,0.0,Neutral,2025-04-04,0.1914811040253071,0,Bajo
8713,0,Chat,Business Page,Account Access,0,4,707,0.0,Neutral,2025-04-15,0.19132387765761427,0,Bajo
7522,0,Email,Advertiser,Ad Billing,0,4,597,445.6,Positive,2025-04-28,0.17691409386863924,0,Bajo
2203,0,Chat,User,General Support,1,4,471,0.0,Negative,2025-04-03,0.22162956210153886,0,Bajo
9271,1,Chat,User,Content Violation,1,3,467,0.0,Positive,2025-04-26,0.19555168359849875,0,Bajo
1689,0,Voice,User,Ad Billing,0,4,754,0.0,Negative,2025-04-06,0.2111901343015025,0,Bajo
8101,0,Chat,Business Page,Page Management,1,2,544,0.0,Neutral,2025-04-13,0.19846073240386725,0,Bajo
1154,0,Email,Advertiser,General Support,1,1,697,0.0,Negative,2025-04-23,0.19961197820841076,0,Bajo
3591,0,Voice,User,Account Access,0,4,600,0.0,Neutral,2025-04-19,0.21401170021322785,0,Bajo
2384,0,Chat,Advertiser,Ad Billing,1,5,490,29.45,Positive,2025-04-14,0.19258363531695982,0,Bajo
3675,0,Chat,Advertiser,Content Violation,1,1,588,0.0,Neutral,2025-04-26,0.18500714069422822,0,Bajo
6270,0,Chat,User,Page Management,1,5,584,0.0,Positive,2025-04-18,0.20152776663778738,0,Bajo
9657,0,Chat,User,Page Management,0,4,595,0.0,Negative,2025-04-22,0.20766784070005148,0,Bajo
3425,0,Chat,Business Page,Content Violation,1,3,489,0.0,Positive,2025-04-19,0.18434910790394615,0,Bajo
7488,0,Chat,Advertiser,Account Access,0,5,572,0.0,Negative,2025-04-22,0.20574886698363218,0,Bajo
9646,0,Email,Business Page,Page Management,0,4,581,0.0,Negative,2025-04-16,0.2054664943365882,0,Bajo
636,0,Email,Business Page,Ad Billing,1,4,491,0.0,Neutral,2025-04-12,0.19056549900186384,0,Bajo
6624,0,Chat,Advertiser,Account Access,1,1,365,0.0,Neutral,2025-04-24,0.20462696223221452,0,Bajo
7874,0,Chat,Business Page,Account Access,1,4,572,0.0,Negative,2025-04-04,0.20952697292097702,0,Bajo
7965,0,Email,Business Page,General Support,0,5,753,0.0,Positive,2025-04-12,0.18125946873051885,0,Bajo
2466,0,Chat,User,General Support,0,5,728,0.0,Negative,2025-04-26,0.21168111653963917,0,Bajo
3855,0,Chat,User,Page Management,1,4,722,0.0,Negative,2025-04-01,0.2125434969790572,0,Bajo
3378,0,Chat,User,Account Access,0,3,521,0.0,Positive,2025-04-04,0.21097895842292513,0,Bajo
7329,0,Email,Advertiser,Ad Billing,0,5,886,63.74,Positive,2025-04-15,0.16731913533567822,0,Bajo
6799,1,Chat,Advertiser,Ad Billing,0,5,613,160.11,Neutral,2025-04-10,0.18260615137077357,0,Bajo
6413,0,Voice,Business Page,Page Management,0,2,730,0.0,Negative,2025-04-19,0.21838342192446886,0,Bajo
1512,0,Email,Business Page,General Support,1,4,457,0.0,Positive,2025-04-17,0.1928416820998299,0,Bajo
9681,0,Voice,Advertiser,General Support,1,5,396,0.0,Positive,2025-04-07,0.20680919879691517,0,Bajo
2961,0,Chat,Advertiser,Content Violation,0,5,704,0.0,Negative,2025-04-26,0.17940340170163493,0,Bajo
2196,0,Voice,Business Page,Account Access,0,3,662,0.0,Negative,2025-04-04,0.21112803746516715,0,Bajo
9517,0,Chat,Advertiser,General Support,0,5,798,0.0,Positive,2025-04-08,0.1799141462860548,0,Bajo
3355,0,Email,Business Page,Account Access,1,3,540,0.0,Negative,2025-04-01,0.2114491729640416,0,Bajo
2127,1,Voice,Advertiser,Page Management,1,5,663,0.0,Positive,2025-04-08,0.20272607808078366,0,Bajo
7578,0,Email,User,Page Management,1,4,683,0.0,Negative,2025-04-20,0.21937662881188547,0,Bajo
406,0,Chat,User,General Support,0,5,717,0.0,Negative,2025-04-09,0.20932996778583268,0,Bajo
9249,0,Voice,Advertiser,General Support,1,1,658,0.0,Neutral,2025-04-02,0.205887652024766,0,Bajo
9308,0,Chat,Business Page,Ad Billing,1,4,509,0.0,Negative,2025-04-06,0.20275822550268607,0,Bajo
2109,0,Chat,User,Content Violation,1,5,693,0.0,Neutral,2025-04-22,0.17794054729850212,0,Bajo
5431,1,Email,Business Page,Account Access,1,3,581,0.0,Neutral,2025-04-17,0.19738265545733405,0,Bajo
2654,1,Chat,User,Content Violation,1,5,323,0.0,Positive,2025-04-02,0.24453002209525163,0,Bajo
4311,1,Voice,User,Page Management,0,2,454,0.0,Positive,2025-04-20,0.22616277773927196,0,Bajo
5281,0,Chat,Advertiser,Account Access,1,5,493,0.0,Positive,2025-04-08,0.20081468964522833,0,Bajo
7694,0,Chat,Advertiser,Ad Billing,1,5,622,476.19,Neutral,2025-04-26,0.20786829401027795,0,Bajo
7852,1,Email,User,Account Access,0,4,566,0.0,Negative,2025-04-19,0.22126074999770395,0,Bajo
465,0,Chat,Advertiser,Content Violation,1,5,717,0.0,Positive,2025-04-14,0.1759429049589058,0,Bajo
1744,0,Voice,Advertiser,Ad Billing,0,4,622,384.13,Negative,2025-04-02,0.1963964357196029,0,Bajo
5160,0,Chat,Advertiser,Account Access,1,5,454,0.0,Neutral,2025-04-11,0.20477674642521534,0,Bajo
5451,1,Email,Advertiser,Page Management,0,5,630,0.0,Negative,2025-04-10,0.19645467701846933,0,Bajo
3526,0,Chat,Advertiser,Account Access,1,4,728,0.0,Positive,2025-04-07,0.19363911668746747,0,Bajo
5580,0,Email,Business Page,Account Access,1,3,778,0.0,Neutral,2025-04-22,0.1921393756119157,0,Bajo
2932,1,Voice,Business Page,Content Violation,0,4,730,0.0,Positive,2025-04-13,0.1886216213477931,0,Bajo
1079,0,Voice,Business Page,General Support,1,3,635,0.0,Positive,2025-04-08,0.19628125793619922,0,Bajo
4657,0,Voice,User,Ad Billing,1,5,791,0.0,Positive,2025-04-23,0.1952662159463592,0,Bajo
7627,1,Email,User,Content Violation,1,4,391,0.0,Negative,2025-04-07,0.1979907005369898,0,Bajo
1227,0,Email,Advertiser,Page Management,1,5,564,0.0,Neutral,2025-04-10,0.1977020149050234,0,Bajo
9709,0,Chat,Advertiser,General Support,1,4,745,0.0,Negative,2025-04-29,0.20477227253796063,0,Bajo
9165,0,Chat,Business Page,General Support,1,4,542,0.0,Neutral,2025-04-15,0.19176211871380094,0,Bajo
2157,0,Chat,Business Page,Page Management,1,4,531,0.0,Neutral,2025-04-10,0.1884383596403727,0,Bajo
5973,0,Email,Business Page,General Support,1,5,561,0.0,Neutral,2025-04-05,0.19408559870041678,0,Bajo
8841,0,Chat,Advertiser,Account Access,1,4,728,0.0,Neutral,2025-04-13,0.1970233682931978,0,Bajo
180,0,Email,Advertiser,Ad Billing,1,3,616,452.43,Negative,2025-04-15,0.2165933534421718,0,Bajo
7326,1,Voice,User,Account Access,1,1,525,0.0,Negative,2025-04-10,0.2257608795900311,0,Bajo
6215,0,Chat,Advertiser,Account Access,0,5,482,0.0,Positive,2025-04-01,0.20547825892909696,0,Bajo
1053,1,Chat,Business Page,Account Access,0,3,646,0.0,Negative,2025-04-16,0.2059205233670253,0,Bajo
5445,1,Chat,Advertiser,Page Management,0,5,611,0.0,Positive,2025-04-29,0.18799179100388075,0,Bajo
5983,0,Chat,User,General Support,1,5,417,0.0,Neutral,2025-04-18,0.19539943794089054,0,Bajo
3323,1,Email,Business Page,Content Violation,0,2,471,0.0,Neutral,2025-04-25,0.1819911981602104,0,Bajo
1642,0,Chat,User,Content Violation,1,5,677,0.0,Negative,2025-04-25,0.18734087718030726,0,Bajo
6120,0,Chat,User,Content Violation,0,3,488,0.0,Negative,2025-04-21,0.19792522227118658,0,Bajo
2951,0,Voice,User,Ad Billing,1,5,822,0.0,Neutral,2025-04-24,0.1944135056815191,0,Bajo
9452,1,Chat,Business Page,Account Access,0,1,801,0.0,Neutral,2025-04-23,0.19285715139255483,0,Bajo
2417,0,Email,Business Page,Account Access,1,5,544,0.0,Positive,2025-04-21,0.1954189586598502,0,Bajo
2601,0,Chat,Advertiser,General Support,0,5,609,0.0,Neutral,2025-04-29,0.1860355470392118,0,Bajo
8902,0,Email,Advertiser,Content Violation,1,4,496,0.0,Negative,2025-04-02,0.1991155809141352,0,Bajo
8847,0,Chat,Business Page,General Support,1,3,482,0.0,Neutral,2025-04-12,0.19049883394945097,0,Bajo
1046,0,Email,User,Ad Billing,1,4,637,0.0,Neutral,2025-04-06,0.19703737027620938,0,Bajo
7383,0,Chat,Advertiser,Ad Billing,1,5,582,530.27,Positive,2025-04-12,0.1956902058030136,0,Bajo
646,0,Chat,User,Account Access,1,5,511,0.0,Positive,2025-04-25,0.20720046690992192,0,Bajo
5521,0,Chat,Business Page,Page Management,0,4,630,0.0,Neutral,2025-04-19,0.18736612012607465,0,Bajo
2593,1,Chat,Business Page,Account Access,0,5,564,0.0,Neutral,2025-04-24,0.19566726207450794,0,Bajo
5156,0,Email,Business Page,Page Management,1,4,805,0.0,Negative,2025-04-24,0.2096719856974438,0,Bajo
6698,1,Chat,Advertiser,Page Management,0,5,485,0.0,Negative,2025-04-05,0.1996047041679435,0,Bajo
3866,0,Email,User,Ad Billing,0,4,543,0.0,Positive,2025-04-04,0.1989935652818367,0,Bajo
5464,1,Email,Business Page,Page Management,1,5,788,0.0,Negative,2025-04-04,0.2079111528642845,0,Bajo
8946,0,Chat,User,Account Access,1,5,739,0.0,Negative,2025-04-02,0.2100132549705673,0,Bajo
9508,0,Voice,User,General Support,1,3,518,0.0,Neutral,2025-04-05,0.2183500517871478,0,Bajo
1702,0,Email,User,General Support,1,3,549,0.0,Neutral,2025-04-22,0.20776293196886939,0,Bajo
1633,0,Email,Advertiser,Content Violation,0,4,717,0.0,Neutral,2025-04-26,0.18397930017129238,0,Bajo
7433,0,Email,Advertiser,Page Management,1,1,753,0.0,Positive,2025-04-07,0.21592565529511487,0,Bajo
9622,0,Chat,Business Page,Account Access,0,5,522,0.0,Neutral,2025-04-20,0.19597886883913826,0,Bajo
4001,0,Chat,Business Page,Account Access,0,5,543,0.0,Negative,2025-04-16,0.2051062123085006,0,Bajo
6493,0,Voice,User,Content Violation,1,4,724,0.0,Negative,2025-04-11,0.1925122432646855,0,Bajo
4901,0,Chat,User,General Support,1,1,639,0.0,Negative,2025-04-27,0.20882549652698038,0,Bajo
9986,0,Email,Business Page,Ad Billing,0,4,399,0.0,Positive,2025-04-06,0.1841740011596051,0,Bajo
4758,1,Chat,Advertiser,Page Management,1,4,787,0.0,Negative,2025-04-24,0.2023929471156588,0,Bajo
5852,0,Email,Advertiser,Account Access,1,4,684,0.0,Neutral,2025-04-13,0.19921491815475945,0,Bajo
2494,0,Chat,Advertiser,Page Management,1,5,373,0.0,Negative,2025-04-12,0.2107831410873213,0,Bajo
5992,0,Chat,Business Page,Ad Billing,1,4,587,0.0,Negative,2025-04-05,0.20358455341414192,0,Bajo
8665,0,Email,Business Page,Page Management,1,4,558,0.0,Negative,2025-04-26,0.20745666832842993,0,Bajo
7311,0,Email,Business Page,Ad Billing,1,4,786,0.0,Neutral,2025-04-17,0.18363834069282076,0,Bajo
6327,0,Chat,User,Ad Billing,0,5,646,0.0,Positive,2025-04-22,0.19262434957054464,0,Bajo
6425,0,Chat,Business Page,Account Access,1,5,549,0.0,Negative,2025-04-29,0.20840608041306807,0,Bajo
2702,0,Email,User,General Support,0,1,612,0.0,Positive,2025-04-16,0.19407685735228514,0,Bajo
4812,0,Email,User,General Support,1,3,458,0.0,Neutral,2025-04-28,0.2045225935701143,0,Bajo
3740,1,Voice,Business Page,Page Management,0,5,504,0.0,Positive,2025-04-03,0.2099267791133117,0,Bajo
1574,0,Voice,User,Content Violation,1,2,556,0.0,Negative,2025-04-15,0.20795422525100488,0,Bajo
157,0,Email,Advertiser,Page Management,1,5,666,0.0,Negative,2025-04-20,0.20801545212790296,0,Bajo
8232,0,Chat,Business Page,Page Management,0,2,668,0.0,Neutral,2025-04-22,0.19848674851110576,0,Bajo
142,0,Voice,User,General Support,0,5,615,0.0,Neutral,2025-04-28,0.20402042721226843,0,Bajo
2580,0,Email,User,Content Violation,1,5,621,0.0,Neutral,2025-04-24,0.17276091332857232,0,Bajo
4073,0,Chat,User,General Support,1,2,533,0.0,Positive,2025-04-01,0.19754906681877515,0,Bajo
9711,0,Email,Business Page,Ad Billing,1,5,644,0.0,Negative,2025-04-08,0.20105578128090906,0,Bajo
8203,0,Email,User,Account Access,1,5,703,0.0,Negative,2025-04-29,0.2147914864077109,0,Bajo
9760,1,Voice,Advertiser,Page Management,0,5,532,0.0,Neutral,2025-04-01,0.210971553066603,0,Bajo
8701,0,Chat,User,General Support,1,4,678,0.0,Negative,2025-04-26,0.21501773120672568,0,Bajo
9109,0,Chat,Advertiser,General Support,0,4,604,0.0,Neutral,2025-04-12,0.18851843168002094,0,Bajo
4393,0,Email,User,Account Access,0,5,606,0.0,Negative,2025-04-16,0.2146778998640292,0,Bajo
3291,1,Email,User,Ad Billing,1,5,803,0.0,Negative,2025-04-19,0.20141473223778378,0,Bajo
9928,1,Email,User,Content Violation,1,5,535,0.0,Negative,2025-04-08,0.19346625742806794,0,Bajo
318,0,Chat,User,Account Access,1,5,519,0.0,Neutral,2025-04-08,0.2060178808561826,0,Bajo
6227,1,Email,Business Page,General Support,0,4,719,0.0,Positive,2025-04-10,0.18180549301503157,0,Bajo
6914,0,Chat,Business Page,General Support,1,2,631,0.0,Neutral,2025-04-08,0.19555649428772154,0,Bajo
4903,0,Chat,Advertiser,Ad Billing,1,2,737,319.48,Positive,2025-04-20,0.2267208839183773,0,Bajo
2751,0,Chat,User,Account Access,1,4,466,0.0,Negative,2025-04-11,0.22147876965169794,0,Bajo
2944,1,Email,Business Page,Ad Billing,0,4,681,0.0,Neutral,2025-04-26,0.18177232399517584,0,Bajo
75,0,Email,Business Page,General Support,1,5,345,0.0,Negative,2025-04-27,0.2196535805891227,0,Bajo
9068,0,Chat,User,Account Access,0,5,524,0.0,Negative,2025-04-23,0.21734545114102316,0,Bajo
4319,1,Email,Advertiser,Ad Billing,0,4,339,876.2,Negative,2025-04-02,0.18631323900784547,0,Bajo
635,1,Voice,User,Content Violation,0,3,410,0.0,Negative,2025-04-20,0.2087580180248908,0,Bajo
2566,0,Email,Business Page,General Support,0,5,562,0.0,Negative,2025-04-08,0.20976058421680768,0,Bajo
2297,1,Voice,Business Page,Ad Billing,1,5,681,0.0,Negative,2025-04-24,0.19794023823788287,0,Bajo
3693,0,Voice,Advertiser,Page Management,1,5,586,0.0,Positive,2025-04-23,0.20679014864402256,0,Bajo
5214,1,Chat,Advertiser,General Support,0,5,505,0.0,Negative,2025-04-03,0.20410713240154607,0,Bajo
5565,1,Chat,Advertiser,Account Access,1,4,696,0.0,Neutral,2025-04-19,0.20180195571808157,0,Bajo
8335,1,Email,Advertiser,General Support,1,4,511,0.0,Positive,2025-04-15,0.19733277646114886,0,Bajo
71,1,Chat,User,Page Management,0,4,656,0.0,Negative,2025-04-26,0.21016032287722863,0,Bajo
9852,0,Chat,User,Page Management,0,4,637,0.0,Negative,2025-04-14,0.20338777730237473,0,Bajo
4262,1,Chat,Advertiser,Page Management,1,4,481,0.0,Positive,2025-04-24,0.19616051447356828,0,Bajo
1973,0,Email,Business Page,Account Access,1,3,619,0.0,Negative,2025-04-28,0.21194738618471312,0,Bajo
7410,1,Email,Advertiser,Content Violation,0,4,488,0.0,Neutral,2025-04-04,0.19721117019692264,0,Bajo
3013,0,Chat,User,Ad Billing,0,5,716,0.0,Neutral,2025-04-23,0.18865350440548823,0,Bajo
9405,0,Chat,User,Account Access,1,4,711,0.0,Neutral,2025-04-02,0.19809849011142222,0,Bajo
4847,0,Chat,Advertiser,Page Management,1,2,689,0.0,Neutral,2025-04-08,0.20607351703140248,0,Bajo
8389,0,Chat,User,Account Access,1,5,705,0.0,Negative,2025-04-24,0.2117765562894226,0,Bajo
4187,1,Voice,Advertiser,Account Access,1,5,697,0.0,Negative,2025-04-04,0.20996130824751544,0,Bajo
1035,0,Chat,Advertiser,Account Access,1,5,575,0.0,Positive,2025-04-11,0.19907186694869497,0,Bajo
4284,0,Voice,Advertiser,Ad Billing,0,5,464,87.75,Positive,2025-04-28,0.19049625325176345,0,Bajo
2110,0,Chat,Advertiser,Page Management,1,5,453,0.0,Positive,2025-04-27,0.19302699729713937,0,Bajo
3050,0,Chat,Business Page,Page Management,0,5,499,0.0,Neutral,2025-04-07,0.18643014993932633,0,Bajo
5006,0,Email,Business Page,Content Violation,0,2,533,0.0,Negative,2025-04-25,0.18456838503938333,0,Bajo
8327,0,Email,Advertiser,Ad Billing,0,5,507,800.55,Negative,2025-04-23,0.26529037273914496,0,Bajo
4303,0,Chat,User,Page Management,1,4,594,0.0,Negative,2025-04-23,0.21408491118115555,0,Bajo
6114,0,Chat,User,Ad Billing,0,4,712,0.0,Negative,2025-04-11,0.20170319566522532,0,Bajo
8983,0,Chat,User,Content Violation,1,4,747,0.0,Neutral,2025-04-22,0.17999142757446013,0,Bajo
4932,1,Chat,Advertiser,Ad Billing,0,5,517,504.85,Negative,2025-04-08,0.22496353236288677,0,Bajo
2392,0,Chat,Business Page,General Support,1,4,686,0.0,Positive,2025-04-29,0.18571561546231216,0,Bajo
6540,0,Voice,User,Ad Billing,1,2,636,0.0,Neutral,2025-04-17,0.20835404033807975,0,Bajo
8260,0,Voice,Business Page,Account Access,0,3,464,0.0,Negative,2025-04-19,0.22057999841284298,0,Bajo
6766,0,Email,Advertiser,Ad Billing,1,4,574,730.07,Positive,2025-04-14,0.1980810846197869,0,Bajo
3533,0,Chat,Business Page,General Support,1,1,584,0.0,Neutral,2025-04-15,0.1950275870736937,0,Bajo
7621,1,Chat,Business Page,Page Management,1,5,717,0.0,Positive,2025-04-21,0.18875224487669745,0,Bajo
6483,0,Email,Business Page,Page Management,0,5,764,0.0,Positive,2025-04-06,0.18774046466980887,0,Bajo
3678,1,Chat,User,Content Violation,1,2,587,0.0,Negative,2025-04-09,0.19316200142983778,0,Bajo
935,0,Voice,Business Page,Ad Billing,1,3,557,0.0,Negative,2025-04-28,0.21256207226368637,0,Bajo
3944,0,Chat,Business Page,Content Violation,1,5,578,0.0,Negative,2025-04-07,0.17580688129072014,0,Bajo
7759,0,Email,Advertiser,Page Management,0,4,454,0.0,Negative,2025-04-05,0.2077202779285024,0,Bajo
449,0,Voice,Advertiser,Content Violation,0,2,795,0.0,Neutral,2025-04-26,0.21335802719167749,0,Bajo
5037,0,Email,Advertiser,Ad Billing,0,1,563,904.72,Positive,2025-04-21,0.15160695675749847,0,Bajo
4589,0,Chat,Business Page,Page Management,1,5,859,0.0,Neutral,2025-04-13,0.1745402308417872,0,Bajo
5066,0,Voice,User,Page Management,1,5,577,0.0,Positive,2025-04-08,0.21783960191791096,0,Bajo
602,0,Email,Advertiser,Page Management,0,5,505,0.0,Positive,2025-04-17,0.1978094799699356,0,Bajo
2940,1,Chat,Advertiser,Content Violation,1,3,780,0.0,Positive,2025-04-16,0.20022582461537017,0,Bajo
7460,0,Chat,User,General Support,1,4,749,0.0,Neutral,2025-04-14,0.19390138007556054,0,Bajo
2978,0,Chat,User,General Support,1,3,482,0.0,Positive,2025-04-25,0.19372590309488263,0,Bajo
6321,0,Chat,Advertiser,General Support,0,1,516,0.0,Negative,2025-04-16,0.19992816284066117,0,Bajo
8864,0,Email,Business Page,Page Management,1,5,730,0.0,Negative,2025-04-06,0.20909958272579934,0,Bajo
4706,0,Chat,Advertiser,Account Access,1,2,587,0.0,Neutral,2025-04-25,0.20086561203748365,0,Bajo
7879,0,Email,Business Page,Content Violation,1,2,664,0.0,Positive,2025-04-22,0.19844441880039657,0,Bajo
7577,1,Chat,Business Page,Ad Billing,1,2,756,0.0,Negative,2025-04-20,0.20867565114000733,0,Bajo
5274,1,Chat,Advertiser,Ad Billing,0,4,585,952.71,Positive,2025-04-21,0.07819339712116814,0,Bajo
8119,0,Chat,Business Page,General Support,1,5,450,0.0,Negative,2025-04-05,0.20467899902560066,0,Bajo
7475,0,Chat,User,Page Management,1,4,653,0.0,Negative,2025-04-17,0.21610096232213283,0,Bajo
174,1,Voice,User,Page Management,1,3,608,0.0,Neutral,2025-04-15,0.21749660789855957,0,Bajo
7785,0,Email,User,Account Access,1,4,661,0.0,Positive,2025-04-23,0.20528639017896114,0,Bajo
2540,0,Voice,Business Page,Page Management,0,2,720,0.0,Positive,2025-04-11,0.20618181988831855,0,Bajo
2818,0,Chat,Advertiser,Account Access,1,5,672,0.0,Positive,2025-04-21,0.19570599151477963,0,Bajo
4287,0,Email,User,Ad Billing,1,1,673,0.0,Neutral,2025-04-23,0.20286191397164763,0,Bajo
951,1,Email,Advertiser,Account Access,1,4,516,0.0,Positive,2025-04-13,0.2005613466753009,0,Bajo
9025,1,Chat,User,Page Management,1,5,302,0.0,Positive,2025-04-18,0.24761912536985278,0,Bajo
9002,0,Chat,Advertiser,Account Access,1,5,561,0.0,Neutral,2025-04-05,0.20350110322729417,0,Bajo
6149,0,Email,Advertiser,Ad Billing,0,5,587,232.3,Positive,2025-04-19,0.18485474825706444,0,Bajo
2270,0,Chat,Business Page,Content Violation,1,4,583,0.0,Positive,2025-04-26,0.18546045849277165,0,Bajo
3601,0,Chat,Advertiser,Account Access,0,2,555,0.0,Negative,2025-04-15,0.20865377922468795,0,Bajo
6383,0,Voice,Advertiser,General Support,1,4,647,0.0,Neutral,2025-04-17,0.19805361594431853,0,Bajo
3922,0,Email,User,Account Access,1,5,634,0.0,Neutral,2025-04-21,0.20419820621461005,0,Bajo
4562,1,Email,User,Page Management,0,4,424,0.0,Negative,2025-04-18,0.21697427225592714,0,Bajo
7861,1,Voice,Business Page,Content Violation,1,4,503,0.0,Neutral,2025-04-18,0.1888794888702175,0,Bajo
1028,1,Chat,Business Page,Ad Billing,1,3,624,0.0,Negative,2025-04-16,0.20435647031611268,0,Bajo
541,0,Email,Advertiser,Account Access,0,5,466,0.0,Positive,2025-04-20,0.2026321202820837,0,Bajo
5656,0,Voice,Advertiser,Account Access,1,2,565,0.0,Negative,2025-04-15,0.22235348650985853,0,Bajo
1156,0,Email,Advertiser,General Support,0,4,516,0.0,Negative,2025-04-21,0.2093237652543186,0,Bajo
842,0,Voice,Business Page,Account Access,1,3,622,0.0,Positive,2025-04-14,0.20922461630544276,0,Bajo
3454,0,Chat,Business Page,Content Violation,1,4,630,0.0,Negative,2025-04-07,0.17227279487249986,0,Bajo
5158,0,Chat,Advertiser,Account Access,0,2,695,0.0,Positive,2025-04-06,0.191199334298741,0,Bajo
7181,0,Email,Business Page,General Support,0,4,569,0.0,Positive,2025-04-02,0.19106516220768263,0,Bajo
5164,0,Chat,Business Page,General Support,1,5,435,0.0,Negative,2025-04-11,0.20588294015387568,0,Bajo
9067,0,Email,User,General Support,0,3,428,0.0,Positive,2025-04-04,0.19426942745300976,0,Bajo
3142,0,Email,Business Page,Account Access,1,5,521,0.0,Negative,2025-04-22,0.20638226485051048,0,Bajo
5972,0,Voice,User,General Support,0,4,708,0.0,Negative,2025-04-15,0.21675296815459635,0,Bajo
4222,1,Chat,User,Ad Billing,1,1,682,0.0,Positive,2025-04-03,0.20293038700963964,0,Bajo
3165,0,Chat,User,Account Access,0,5,725,0.0,Positive,2025-04-07,0.1945678581959414,0,Bajo
9013,0,Voice,Business Page,Content Violation,0,3,467,0.0,Positive,2025-04-04,0.20767045316627308,0,Bajo
2679,1,Chat,User,General Support,1,5,712,0.0,Positive,2025-04-09,0.18635540417732996,0,Bajo
7404,1,Email,Business Page,Page Management,1,5,562,0.0,Positive,2025-04-03,0.19687053192644893,0,Bajo
8042,0,Voice,Business Page,Content Violation,0,5,800,0.0,Negative,2025-04-17,0.17622519571449652,0,Bajo
6439,0,Chat,Advertiser,Ad Billing,0,5,601,590.36,Negative,2025-04-21,0.2039189896931172,0,Bajo
7454,0,Chat,User,Content Violation,0,4,479,0.0,Positive,2025-04-02,0.19903912611502408,0,Bajo
3061,0,Chat,Business Page,Content Violation,0,3,495,0.0,Neutral,2025-04-16,0.177985422488037,0,Bajo
5537,0,Email,Business Page,Page Management,1,2,766,0.0,Positive,2025-04-22,0.21298400058590458,0,Bajo
2891,0,Chat,User,Page Management,1,2,719,0.0,Negative,2025-04-03,0.22016303513520277,0,Bajo
2796,0,Voice,User,Page Management,1,2,695,0.0,Positive,2025-04-07,0.22204071488269844,0,Bajo
1561,0,Chat,Business Page,Account Access,0,3,579,0.0,Negative,2025-04-14,0.20744602030873224,0,Bajo
5545,0,Email,User,Account Access,0,5,562,0.0,Neutral,2025-04-07,0.21219478469244266,0,Bajo
9149,0,Email,User,General Support,1,3,639,0.0,Positive,2025-04-24,0.19503745411852813,0,Bajo
199,0,Email,Business Page,General Support,1,4,559,0.0,Neutral,2025-04-20,0.1957784422834243,0,Bajo
9908,0,Chat,Advertiser,General Support,1,3,568,0.0,Negative,2025-04-28,0.20908438918503194,0,Bajo
8177,1,Chat,User,General Support,0,2,451,0.0,Positive,2025-04-19,0.19226604972998773,0,Bajo
9409,0,Chat,Business Page,General Support,1,3,758,0.0,Neutral,2025-04-17,0.18893990625908297,0,Bajo
1306,1,Voice,Business Page,General Support,1,3,662,0.0,Negative,2025-04-03,0.20974363735760634,0,Bajo
5715,0,Email,Advertiser,Content Violation,1,4,548,0.0,Positive,2025-04-15,0.19510360857758358,0,Bajo
7379,1,Email,Business Page,Account Access,1,3,658,0.0,Negative,2025-04-27,0.21579691677443633,0,Bajo
9393,0,Email,User,Account Access,0,4,642,0.0,Neutral,2025-04-14,0.20422678744642972,0,Bajo
7028,0,Chat,Advertiser,Content Violation,1,4,593,0.0,Negative,2025-04-01,0.1824277968565677,0,Bajo
3835,0,Chat,Business Page,Account Access,1,5,620,0.0,Positive,2025-04-04,0.19371165373068203,0,Bajo
3349,0,Chat,User,Ad Billing,1,4,845,0.0,Negative,2025-04-28,0.1993885584478668,0,Bajo
7837,1,Voice,Business Page,General Support,0,5,509,0.0,Positive,2025-04-08,0.19997141472808275,0,Bajo
2375,0,Email,Advertiser,General Support,1,5,614,0.0,Positive,2025-04-03,0.1943860236832783,0,Bajo
4951,1,Chat,Business Page,Content Violation,1,5,668,0.0,Positive,2025-04-28,0.17630336922034506,0,Bajo
1199,0,Chat,User,General Support,1,2,494,0.0,Negative,2025-04-04,0.22603688173553757,0,Bajo
8030,0,Chat,Business Page,Ad Billing,1,5,657,0.0,Neutral,2025-04-13,0.18992575101721662,0,Bajo
8527,0,Chat,Advertiser,Ad Billing,0,3,726,9.65,Negative,2025-04-15,0.19003430606766877,0,Bajo
2732,0,Email,User,General Support,1,3,557,0.0,Negative,2025-04-04,0.2242120629838363,0,Bajo
8356,0,Chat,Business Page,Account Access,1,4,640,0.0,Neutral,2025-04-10,0.19354385473192828,0,Bajo
5622,0,Email,Business Page,Content Violation,1,5,679,0.0,Negative,2025-04-06,0.1754304687535839,0,Bajo
4365,0,Email,Advertiser,Ad Billing,1,5,711,790.86,Negative,2025-04-24,0.25164931586036576,0,Bajo
5379,0,Email,Advertiser,Ad Billing,1,5,707,229.38,Positive,2025-04-08,0.19651694296225408,0,Bajo
1111,1,Email,Advertiser,General Support,1,1,672,0.0,Negative,2025-04-18,0.20195192721261448,0,Bajo
9250,0,Chat,Business Page,Ad Billing,1,4,568,0.0,Neutral,2025-04-17,0.1905647191357026,0,Bajo
9976,0,Email,User,General Support,1,4,684,0.0,Neutral,2025-04-22,0.20004939176917194,0,Bajo
3647,0,Email,User,General Support,1,1,690,0.0,Positive,2025-04-02,0.19535402163018017,0,Bajo
1908,0,Email,User,Content Violation,0,3,458,0.0,Neutral,2025-04-29,0.18956031477874902,0,Bajo
525,0,Voice,User,Page Management,1,5,546,0.0,Neutral,2025-04-17,0.21385343258628425,0,Bajo
8200,0,Email,Business Page,Page Management,0,5,633,0.0,Positive,2025-04-21,0.18629315679792202,0,Bajo
2602,0,Chat,Business Page,Ad Billing,0,4,747,0.0,Positive,2025-04-25,0.17617872475333954,0,Bajo
9247,1,Voice,User,Content Violation,0,5,606,0.0,Neutral,2025-04-22,0.18299518665256292,0,Bajo
9733,0,Chat,Business Page,Content Violation,1,5,490,0.0,Neutral,2025-04-08,0.1682219769221012,0,Bajo
8881,0,Chat,User,Content Violation,0,4,458,0.0,Neutral,2025-04-07,0.18677520120732283,0,Bajo
5605,1,Chat,Advertiser,General Support,1,3,530,0.0,Negative,2025-04-15,0.21007337102793103,0,Bajo
7777,0,Chat,User,Account Access,1,5,634,0.0,Positive,2025-04-28,0.19827171506807884,0,Bajo
9003,0,Email,User,Page Management,0,4,647,0.0,Neutral,2025-04-22,0.20698986708532155,0,Bajo
1073,1,Chat,Advertiser,Page Management,1,4,792,0.0,Positive,2025-04-14,0.19021313158158182,0,Bajo
1246,0,Chat,User,General Support,0,4,470,0.0,Negative,2025-04-23,0.21954655423046104,0,Bajo
3375,1,Email,User,Account Access,0,5,557,0.0,Neutral,2025-04-01,0.21147900850050314,0,Bajo
304,1,Email,Business Page,Ad Billing,1,4,673,0.0,Negative,2025-04-26,0.20150237107219407,0,Bajo
1244,0,Voice,Advertiser,Content Violation,1,2,552,0.0,Neutral,2025-04-19,0.20988840025681807,0,Bajo
5047,0,Email,Advertiser,Account Access,1,5,589,0.0,Positive,2025-04-09,0.19918412621501544,0,Bajo
2735,0,Email,Advertiser,Ad Billing,1,4,708,103.39,Neutral,2025-04-11,0.19254853581698997,0,Bajo
343,1,Voice,Business Page,Page Management,1,2,712,0.0,Positive,2025-04-11,0.21598670680642545,0,Bajo
6668,0,Chat,Advertiser,Ad Billing,0,4,435,933.1,Positive,2025-04-23,0.0733758784823099,0,Bajo
3540,1,Chat,Advertiser,General Support,1,2,496,0.0,Positive,2025-04-01,0.1954246271926718,0,Bajo
9256,0,Chat,User,Account Access,1,5,511,0.0,Negative,2025-04-29,0.21852074273710767,0,Bajo
3042,1,Chat,Business Page,Content Violation,1,4,537,0.0,Positive,2025-04-17,0.18475086977536967,0,Bajo
2528,1,Email,User,Page Management,0,2,315,0.0,Neutral,2025-04-04,0.2313057657675467,0,Bajo
4700,0,Chat,Advertiser,Page Management,0,4,659,0.0,Positive,2025-04-16,0.19124237273372435,0,Bajo
3010,0,Voice,Business Page,General Support,0,5,574,0.0,Negative,2025-04-29,0.2055338214775938,0,Bajo
6929,1,Email,Business Page,General Support,1,2,682,0.0,Negative,2025-04-19,0.21312020270404244,0,Bajo
1627,0,Chat,Business Page,Content Violation,1,4,529,0.0,Positive,2025-04-01,0.1836220865241479,0,Bajo
3101,0,Chat,Business Page,Content Violation,0,4,477,0.0,Positive,2025-04-04,0.1904079431597637,0,Bajo
2557,0,Email,User,Account Access,1,2,642,0.0,Negative,2025-04-18,0.21612207088741234,0,Bajo
145,0,Chat,User,Account Access,1,3,666,0.0,Neutral,2025-04-20,0.20020098765077665,0,Bajo
8194,1,Email,Advertiser,Page Management,1,1,628,0.0,Neutral,2025-04-17,0.20368417283220497,0,Bajo
9353,0,Chat,Advertiser,General Support,1,5,764,0.0,Positive,2025-04-03,0.18952569054270735,0,Bajo
4672,0,Chat,Advertiser,Content Violation,1,4,604,0.0,Positive,2025-04-26,0.1896523649840902,0,Bajo
8898,1,Chat,Business Page,Content Violation,0,5,736,0.0,Neutral,2025-04-19,0.16183336795435332,0,Bajo
4939,0,Chat,Business Page,Account Access,1,5,618,0.0,Negative,2025-04-25,0.2067674236668359,0,Bajo
4162,0,Chat,Business Page,Ad Billing,0,4,601,0.0,Positive,2025-04-24,0.18063740459875496,0,Bajo
7930,0,Voice,Advertiser,Account Access,1,5,426,0.0,Positive,2025-04-29,0.2186073887642585,0,Bajo
5788,1,Chat,Advertiser,Page Management,0,5,544,0.0,Neutral,2025-04-28,0.19553677608330805,0,Bajo
2096,0,Email,User,Content Violation,0,1,810,0.0,Negative,2025-04-14,0.19956348820825487,0,Bajo
3895,0,Voice,Business Page,Account Access,1,5,814,0.0,Negative,2025-04-26,0.19157633592919368,0,Bajo
5138,0,Voice,Advertiser,General Support,0,2,670,0.0,Negative,2025-04-15,0.20850161637914894,0,Bajo
7160,1,Chat,Advertiser,General Support,1,5,582,0.0,Negative,2025-04-03,0.20632853818617922,0,Bajo
6885,0,Email,User,Content Violation,1,4,520,0.0,Negative,2025-04-11,0.19562088256494212,0,Bajo
9054,0,Voice,User,General Support,1,4,611,0.0,Negative,2025-04-03,0.21390331260950377,0,Bajo
3337,0,Email,Business Page,General Support,1,4,435,0.0,Positive,2025-04-26,0.19351971037792026,0,Bajo
2068,0,Email,Advertiser,Ad Billing,1,3,461,668.33,Negative,2025-04-29,0.24265243046007703,0,Bajo
8192,1,Email,User,Page Management,1,5,674,0.0,Positive,2025-04-22,0.20193046734165357,0,Bajo
8407,1,Voice,User,Content Violation,1,5,777,0.0,Positive,2025-04-18,0.19198071367822417,0,Bajo
765,0,Email,User,Page Management,1,5,264,0.0,Negative,2025-04-16,0.2223585981508163,0,Bajo
4219,0,Email,User,Account Access,1,5,461,0.0,Neutral,2025-04-07,0.20774924006098772,0,Bajo
2254,0,Email,Advertiser,Ad Billing,0,5,505,540.43,Negative,2025-04-17,0.20930865235015736,0,Bajo
249,0,Email,Business Page,Content Violation,1,4,424,0.0,Neutral,2025-04-09,0.17349443013530974,0,Bajo
5927,0,Chat,User,Account Access,0,5,710,0.0,Neutral,2025-04-02,0.19696902148952802,0,Bajo
2336,0,Email,Business Page,Ad Billing,1,5,447,0.0,Negative,2025-04-28,0.19784261745601753,0,Bajo
1650,0,Email,Advertiser,Ad Billing,1,4,524,470.93,Negative,2025-04-15,0.2261462811087865,0,Bajo
553,1,Email,Business Page,Ad Billing,1,3,585,0.0,Neutral,2025-04-26,0.19244618242315226,0,Bajo
5381,1,Email,User,Account Access,0,5,799,0.0,Positive,2025-04-12,0.1906241364897277,0,Bajo
8110,0,Chat,Business Page,Account Access,1,5,604,0.0,Negative,2025-04-10,0.20912607165059485,0,Bajo
12,0,Chat,Business Page,Account Access,0,1,588,0.0,Positive,2025-04-14,0.19505855476564096,0,Bajo
2488,0,Email,Advertiser,Ad Billing,1,5,597,135.68,Positive,2025-04-13,0.19222458602695175,0,Bajo
1277,1,Voice,Business Page,Account Access,1,5,759,0.0,Neutral,2025-04-18,0.19027817183242549,0,Bajo
2452,0,Chat,Advertiser,Page Management,1,2,681,0.0,Positive,2025-04-02,0.20171700862804193,0,Bajo
9262,0,Email,Advertiser,Content Violation,1,4,468,0.0,Neutral,2025-04-06,0.19216675297383748,0,Bajo
3728,0,Email,User,Account Access,1,5,620,0.0,Neutral,2025-04-09,0.20256511596848728,0,Bajo
3865,0,Chat,Advertiser,Page Management,0,2,552,0.0,Negative,2025-04-04,0.20770553617360885,0,Bajo
3588,1,Chat,User,Content Violation,1,5,621,0.0,Neutral,2025-04-18,0.17387400495656694,0,Bajo
2748,0,Chat,Business Page,Content Violation,0,3,629,0.0,Negative,2025-04-06,0.17689724204916443,0,Bajo
9696,0,Chat,User,General Support,1,2,797,0.0,Negative,2025-04-29,0.21904143791253003,0,Bajo
2817,1,Chat,Advertiser,Page Management,0,5,611,0.0,Negative,2025-04-05,0.1948601791903425,0,Bajo
6432,0,Email,Advertiser,Page Management,0,4,489,0.0,Positive,2025-04-02,0.19995202347875976,0,Bajo
6508,0,Email,User,Ad Billing,0,5,689,0.0,Positive,2025-04-23,0.19097106682067017,0,Bajo
6641,0,Chat,User,General Support,0,5,473,0.0,Negative,2025-04-25,0.21902960891927456,0,Bajo
3766,0,Email,User,General Support,1,3,468,0.0,Positive,2025-04-01,0.1975444287579388,0,Bajo
3411,1,Email,Advertiser,Content Violation,0,5,558,0.0,Positive,2025-04-05,0.1882202680706793,0,Bajo
7020,0,Email,Business Page,Ad Billing,1,5,527,0.0,Positive,2025-04-28,0.19266254394354423,0,Bajo
7038,0,Chat,Advertiser,Account Access,1,4,604,0.0,Negative,2025-04-05,0.21377664181124625,0,Bajo
3566,0,Voice,User,Page Management,1,1,628,0.0,Neutral,2025-04-11,0.21111028393395145,0,Bajo
6776,1,Chat,Business Page,Page Management,0,5,428,0.0,Neutral,2025-04-26,0.1885301389691411,0,Bajo
5864,0,Chat,Business Page,Page Management,0,2,466,0.0,Positive,2025-04-27,0.195806925223437,0,Bajo
6357,1,Email,Advertiser,Page Management,1,4,367,0.0,Positive,2025-04-16,0.2130734393366505,0,Bajo
3353,0,Chat,User,General Support,1,5,906,0.0,Neutral,2025-04-17,0.19471943853172222,0,Bajo
2059,0,Chat,Advertiser,Page Management,1,4,572,0.0,Neutral,2025-04-28,0.19617883471008793,0,Bajo
8211,1,Email,User,Content Violation,1,3,539,0.0,Positive,2025-04-19,0.1989350201340714,0,Bajo
5255,0,Email,User,Account Access,0,4,422,0.0,Negative,2025-04-04,0.2244375729644088,0,Bajo
3408,0,Voice,User,Ad Billing,1,1,461,0.0,Positive,2025-04-27,0.21509546195699403,0,Bajo
4278,0,Chat,User,Page Management,1,5,724,0.0,Positive,2025-04-22,0.195357271041763,0,Bajo
3940,0,Email,Advertiser,Account Access,1,5,432,0.0,Negative,2025-04-24,0.2095554772396893,0,Bajo
4248,0,Chat,User,Account Access,0,5,566,0.0,Neutral,2025-04-02,0.20764304679650197,0,Bajo
1500,0,Voice,User,Content Violation,1,5,810,0.0,Negative,2025-04-28,0.19544501970342507,0,Bajo
9338,0,Chat,User,Page Management,1,5,605,0.0,Negative,2025-04-01,0.21311665771321764,0,Bajo
5439,0,Voice,User,Content Violation,0,5,670,0.0,Positive,2025-04-17,0.18944254022663615,0,Bajo
5803,0,Email,Business Page,Account Access,0,5,567,0.0,Positive,2025-04-09,0.1927792351834329,0,Bajo
5060,0,Voice,Advertiser,Ad Billing,0,1,694,500.51,Neutral,2025-04-11,0.1849894454107055,0,Bajo
68,0,Chat,Advertiser,Page Management,1,5,572,0.0,Negative,2025-04-03,0.20164402294357187,0,Bajo
9469,1,Chat,Advertiser,Ad Billing,0,5,584,908.14,Negative,2025-04-06,0.2587435954725557,0,Bajo
9039,0,Chat,User,Account Access,0,5,632,0.0,Positive,2025-04-23,0.1982787625228164,0,Bajo
8687,1,Voice,User,General Support,1,4,470,0.0,Negative,2025-04-28,0.22398139051015203,0,Bajo
2258,0,Email,Advertiser,Account Access,0,4,687,0.0,Positive,2025-04-04,0.19666374351025673,0,Bajo
5684,0,Chat,Business Page,Ad Billing,1,5,552,0.0,Positive,2025-04-26,0.1905629931048924,0,Bajo
3008,0,Chat,Business Page,Page Management,1,5,460,0.0,Negative,2025-04-11,0.19880109433675136,0,Bajo
1059,0,Chat,User,General Support,1,3,368,0.0,Neutral,2025-04-17,0.20656797556551804,0,Bajo
3115,0,Chat,User,Page Management,0,4,832,0.0,Positive,2025-04-28,0.19039452388082065,0,Bajo
4846,1,Email,Business Page,Content Violation,1,5,538,0.0,Positive,2025-04-06,0.18088184338346305,0,Bajo
9470,0,Chat,User,Ad Billing,1,4,447,0.0,Negative,2025-04-09,0.21482983760781335,0,Bajo
1952,1,Email,Business Page,Page Management,1,3,581,0.0,Neutral,2025-04-19,0.19806484123582627,0,Bajo
6217,0,Chat,Advertiser,Ad Billing,1,4,772,296.47,Negative,2025-04-11,0.21714802710035855,0,Bajo
8621,0,Email,Advertiser,Page Management,1,4,604,0.0,Negative,2025-04-25,0.21022043825061792,0,Bajo
5136,0,Chat,User,Ad Billing,0,3,518,0.0,Neutral,2025-04-20,0.19770429888914146,0,Bajo
8368,0,Chat,Business Page,Ad Billing,0,4,868,0.0,Negative,2025-04-10,0.18613939753512856,0,Bajo
6403,0,Chat,Advertiser,Content Violation,1,2,581,0.0,Positive,2025-04-11,0.20502680948927424,0,Bajo
4962,0,Email,Advertiser,Content Violation,0,1,414,0.0,Negative,2025-04-20,0.18431119917616984,0,Bajo
6400,0,Email,User,Content Violation,0,4,774,0.0,Negative,2025-04-03,0.19666984945962773,0,Bajo
6043,0,Chat,User,General Support,1,5,433,0.0,Neutral,2025-04-14,0.19531557852688758,0,Bajo
9402,0,Email,Advertiser,General Support,1,5,688,0.0,Negative,2025-04-03,0.20452766927724592,0,Bajo
2568,0,Chat,User,Account Access,1,3,576,0.0,Positive,2025-04-12,0.20745595113442078,0,Bajo
7683,0,Chat,User,Ad Billing,1,2,473,0.0,Neutral,2025-04-15,0.1964207313584993,0,Bajo
9134,0,Voice,Business Page,General Support,1,5,597,0.0,Positive,2025-04-04,0.1922643508649807,0,Bajo
6390,0,Email,Business Page,General Support,0,5,518,0.0,Negative,2025-04-02,0.210205817468158,0,Bajo
8006,0,Email,Advertiser,Account Access,1,2,717,0.0,Positive,2025-04-11,0.2008321144779048,0,Bajo
1472,0,Email,Business Page,Content Violation,1,4,705,0.0,Positive,2025-04-10,0.17548779969022424,0,Bajo
2279,0,Voice,Advertiser,Account Access,1,5,687,0.0,Positive,2025-04-07,0.20598188643466508,0,Bajo
2661,0,Chat,Business Page,Account Access,1,2,597,0.0,Negative,2025-04-28,0.21680827648535012,0,Bajo
1204,0,Voice,User,General Support,1,2,718,0.0,Negative,2025-04-23,0.21628148239230544,0,Bajo
2143,0,Email,Business Page,Content Violation,1,5,527,0.0,Neutral,2025-04-27,0.16676670206064914,0,Bajo
9404,0,Voice,Advertiser,General Support,1,4,522,0.0,Negative,2025-04-22,0.21392204631726783,0,Bajo
6435,0,Email,Advertiser,Page Management,1,3,605,0.0,Neutral,2025-04-19,0.20504835792295995,0,Bajo
2274,0,Voice,User,Ad Billing,1,4,692,0.0,Positive,2025-04-08,0.20563336574872118,0,Bajo
9669,0,Chat,User,General Support,0,1,676,0.0,Neutral,2025-04-07,0.19628303798025232,0,Bajo
8303,1,Email,User,Page Management,0,4,608,0.0,Neutral,2025-04-01,0.20018434905761953,0,Bajo
6578,1,Email,User,Ad Billing,1,4,690,0.0,Negative,2025-04-18,0.20967125159303004,0,Bajo
5697,0,Email,Business Page,Ad Billing,1,5,864,0.0,Neutral,2025-04-25,0.16703531183685524,0,Bajo
7073,0,Chat,Advertiser,Page Management,1,2,759,0.0,Neutral,2025-04-28,0.20581327159373505,0,Bajo
48,0,Chat,Advertiser,Ad Billing,0,5,649,12.06,Negative,2025-04-21,0.18548317055624333,0,Bajo
5907,0,Email,Business Page,Account Access,0,5,634,0.0,Neutral,2025-04-19,0.19237299366963945,0,Bajo
3903,0,Chat,User,Account Access,0,3,606,0.0,Negative,2025-04-14,0.21193327406081752,0,Bajo
2499,0,Chat,User,Account Access,0,5,523,0.0,Neutral,2025-04-21,0.2086685194855149,0,Bajo
778,1,Email,Business Page,Content Violation,1,4,615,0.0,Positive,2025-04-29,0.18118379308790303,0,Bajo
5450,1,Chat,User,Ad Billing,1,4,699,0.0,Positive,2025-04-10,0.19597835675436287,0,Bajo
1239,0,Voice,User,Page Management,1,5,654,0.0,Positive,2025-04-25,0.21186358053245868,0,Bajo
2475,0,Voice,Advertiser,Account Access,1,3,603,0.0,Negative,2025-04-14,0.22252082552776517,0,Bajo
6372,0,Email,User,Account Access,0,4,634,0.0,Negative,2025-04-26,0.2136436106598302,0,Bajo
9753,0,Chat,Business Page,General Support,1,5,501,0.0,Negative,2025-04-11,0.205418100661963,0,Bajo
4514,1,Email,Business Page,Account Access,1,3,602,0.0,Positive,2025-04-18,0.19719961188159257,0,Bajo
6805,0,Voice,Business Page,Ad Billing,1,4,664,0.0,Negative,2025-04-10,0.20007028660472115,0,Bajo
7052,1,Chat,User,General Support,0,2,506,0.0,Neutral,2025-04-14,0.20028881527117406,0,Bajo
5144,0,Voice,Advertiser,Page Management,1,3,719,0.0,Negative,2025-04-09,0.21441175805376098,0,Bajo
356,0,Chat,User,Content Violation,0,5,552,0.0,Positive,2025-04-02,0.19089201232359676,0,Bajo
6879,1,Chat,Business Page,Content Violation,1,2,533,0.0,Positive,2025-04-18,0.19511957024543095,0,Bajo
2570,0,Email,Business Page,Ad Billing,1,5,415,0.0,Negative,2025-04-25,0.19975119756274448,0,Bajo
5777,0,Email,Business Page,Content Violation,1,2,479,0.0,Positive,2025-04-15,0.18984049524085594,0,Bajo
2582,0,Email,Advertiser,Content Violation,1,4,630,0.0,Positive,2025-04-09,0.18416086284345884,0,Bajo
8771,0,Chat,Advertiser,Ad Billing,0,4,548,783.76,Negative,2025-04-14,0.244391113838999,0,Bajo
3458,0,Chat,User,Account Access,0,5,363,0.0,Positive,2025-04-27,0.21173369870106154,0,Bajo
9870,0,Email,Advertiser,General Support,0,5,404,0.0,Negative,2025-04-14,0.20876613246265838,0,Bajo
7338,0,Email,Business Page,Ad Billing,0,4,474,0.0,Neutral,2025-04-19,0.1826469081625328,0,Bajo
5206,0,Email,User,General Support,1,5,574,0.0,Neutral,2025-04-15,0.20343742874274656,0,Bajo
3809,0,Voice,Business Page,Account Access,1,5,489,0.0,Neutral,2025-04-29,0.2080990348572447,0,Bajo
2156,0,Chat,Business Page,Account Access,1,5,528,0.0,Negative,2025-04-14,0.20731901241589432,0,Bajo
749,0,Chat,Business Page,Account Access,1,4,512,0.0,Positive,2025-04-03,0.19366895879554552,0,Bajo
6405,0,Voice,Business Page,Account Access,0,4,625,0.0,Neutral,2025-04-15,0.1941764313043838,0,Bajo
6996,0,Email,User,General Support,0,3,655,0.0,Neutral,2025-04-29,0.20586365973044554,0,Bajo
8556,1,Email,User,Ad Billing,1,3,728,0.0,Negative,2025-04-12,0.21283407100477056,0,Bajo
2148,0,Email,User,Content Violation,1,4,663,0.0,Neutral,2025-04-08,0.18393614091377783,0,Bajo
884,0,Chat,Business Page,Page Management,1,5,384,0.0,Neutral,2025-04-20,0.18935732437037692,0,Bajo
9453,0,Email,User,Ad Billing,1,3,734,0.0,Negative,2025-04-27,0.2125210876305289,0,Bajo
1977,0,Email,Business Page,Content Violation,0,5,792,0.0,Neutral,2025-04-12,0.1590591367327958,0,Bajo
2130,1,Voice,User,Page Management,1,5,689,0.0,Negative,2025-04-10,0.21132601057572423,0,Bajo
4487,1,Voice,Business Page,Account Access,0,5,697,0.0,Neutral,2025-04-07,0.19769017250393076,0,Bajo
9490,0,Chat,User,Page Management,1,4,758,0.0,Neutral,2025-04-15,0.20072669559530576,0,Bajo
8872,0,Chat,Business Page,Content Violation,1,2,553,0.0,Negative,2025-04-27,0.18845782926684834,0,Bajo
2369,0,Voice,User,Account Access,0,4,585,0.0,Negative,2025-04-24,0.22723812919082187,0,Bajo
5884,0,Chat,Business Page,Content Violation,1,5,770,0.0,Positive,2025-04-09,0.16778983125819763,0,Bajo
2863,0,Chat,Advertiser,Page Management,1,5,575,0.0,Neutral,2025-04-10,0.19378308312218245,0,Bajo
9955,0,Email,Business Page,Content Violation,1,5,516,0.0,Negative,2025-04-10,0.18073481161396965,0,Bajo
3091,0,Email,Advertiser,Page Management,1,4,497,0.0,Negative,2025-04-07,0.2106948367902371,0,Bajo
5686,0,Voice,Advertiser,Page Management,1,4,645,0.0,Negative,2025-04-18,0.2018939009296065,0,Bajo
1815,0,Chat,Business Page,General Support,1,5,591,0.0,Negative,2025-04-21,0.20650787301212462,0,Bajo
2752,0,Chat,Business Page,Ad Billing,0,2,579,0.0,Neutral,2025-04-29,0.187369426039481,0,Bajo
3188,0,Email,User,Ad Billing,1,3,516,0.0,Neutral,2025-04-13,0.20299378673259896,0,Bajo
2357,1,Voice,Advertiser,Content Violation,1,4,717,0.0,Positive,2025-04-28,0.18722798587660344,0,Bajo
4149,0,Voice,Advertiser,Content Violation,0,4,424,0.0,Negative,2025-04-07,0.2082372548884271,0,Bajo
7058,1,Chat,Advertiser,Account Access,1,5,454,0.0,Positive,2025-04-14,0.2026566777658745,0,Bajo
9522,0,Chat,User,Page Management,0,5,450,0.0,Negative,2025-04-28,0.2116528198111277,0,Bajo
5720,0,Email,Advertiser,Ad Billing,1,3,639,389.15,Neutral,2025-04-03,0.19091141140049467,0,Bajo
5155,0,Voice,User,Content Violation,0,5,659,0.0,Neutral,2025-04-10,0.18587479968729057,0,Bajo
5581,0,Email,Business Page,Account Access,1,5,549,0.0,Positive,2025-04-21,0.1954189586598502,0,Bajo
1879,0,Chat,Advertiser,Account Access,0,5,659,0.0,Positive,2025-04-26,0.19480900626752062,0,Bajo
2193,0,Voice,User,Account Access,0,5,607,0.0,Positive,2025-04-13,0.22186550453963313,0,Bajo
3949,0,Email,Advertiser,Ad Billing,1,1,791,485.26,Neutral,2025-04-10,0.20097647680234748,0,Bajo
984,0,Voice,User,Account Access,1,2,673,0.0,Neutral,2025-04-03,0.2093720784161229,0,Bajo
9245,0,Voice,User,Content Violation,1,2,748,0.0,Neutral,2025-04-07,0.2005170823272832,0,Bajo
1056,0,Chat,Advertiser,Ad Billing,1,5,348,192.79,Negative,2025-04-25,0.21213747658968998,0,Bajo
4662,0,Voice,Advertiser,Account Access,1,5,692,0.0,Positive,2025-04-20,0.2086380617862803,0,Bajo
1256,1,Email,Business Page,Page Management,0,5,619,0.0,Positive,2025-04-16,0.18670192622897921,0,Bajo
27,1,Chat,Advertiser,Content Violation,1,4,708,0.0,Negative,2025-04-18,0.18253675876145736,0,Bajo
3181,0,Chat,Advertiser,Content Violation,1,2,625,0.0,Positive,2025-04-09,0.20096973189266212,0,Bajo
5145,0,Chat,Advertiser,Content Violation,1,5,555,0.0,Negative,2025-04-26,0.185180323378791,0,Bajo
5835,0,Email,Business Page,Account Access,1,2,669,0.0,Positive,2025-04-23,0.20375157218685502,0,Bajo
5277,0,Email,Advertiser,Content Violation,1,5,489,0.0,Neutral,2025-04-27,0.1862647213914084,0,Bajo
7962,0,Chat,Business Page,Account Access,0,5,607,0.0,Neutral,2025-04-19,0.19496991606994485,0,Bajo
5570,0,Email,Business Page,General Support,1,2,426,0.0,Positive,2025-04-01,0.19033770030376707,0,Bajo
5116,0,Email,User,Ad Billing,1,2,659,0.0,Positive,2025-04-09,0.20836786478872457,0,Bajo
3551,0,Chat,User,Ad Billing,1,4,500,0.0,Positive,2025-04-14,0.20206272488827876,0,Bajo
9651,0,Email,Advertiser,Ad Billing,0,4,611,48.4,Positive,2025-04-22,0.18106801725049304,0,Bajo
9897,0,Chat,Advertiser,Ad Billing,0,4,553,393.94,Neutral,2025-04-08,0.18232170335568265,0,Bajo
307,1,Chat,Advertiser,Ad Billing,1,5,515,361.99,Neutral,2025-04-18,0.1975563951852943,0,Bajo
9315,0,Email,User,Page Management,1,4,525,0.0,Neutral,2025-04-02,0.20115943575682943,0,Bajo
2675,0,Voice,User,General Support,1,4,407,0.0,Positive,2025-04-07,0.20890482249393627,0,Bajo
5459,0,Chat,Business Page,Account Access,1,5,643,0.0,Negative,2025-04-24,0.20551040658494463,0,Bajo
1794,1,Email,User,General Support,1,3,637,0.0,Positive,2025-04-25,0.19503745411852813,0,Bajo
388,1,Email,Business Page,Ad Billing,1,5,689,0.0,Positive,2025-04-14,0.19078343794534328,0,Bajo
2308,0,Chat,Business Page,General Support,1,1,576,0.0,Positive,2025-04-15,0.19788000741547382,0,Bajo
7242,0,Chat,User,Content Violation,1,5,658,0.0,Negative,2025-04-08,0.1897001603267129,0,Bajo
4237,1,Chat,Advertiser,Account Access,1,4,750,0.0,Positive,2025-04-27,0.19621587903991616,0,Bajo
1228,1,Chat,Business Page,General Support,1,5,751,0.0,Positive,2025-04-28,0.17987915506116672,0,Bajo
2324,0,Email,Business Page,Page Management,0,2,662,0.0,Positive,2025-04-01,0.20947757509850842,0,Bajo
4440,0,Email,Business Page,General Support,1,5,489,0.0,Negative,2025-04-03,0.2079968475999805,0,Bajo
3271,0,Email,User,Account Access,1,5,630,0.0,Positive,2025-04-06,0.19856230099012964,0,Bajo
5665,0,Email,Business Page,Ad Billing,1,2,877,0.0,Negative,2025-04-10,0.20399737657292408,0,Bajo
1833,0,Chat,Advertiser,Ad Billing,1,5,589,531.62,Negative,2025-04-08,0.20573295911770223,0,Bajo
2741,1,Email,User,Page Management,1,3,638,0.0,Neutral,2025-04-11,0.20574299325529263,0,Bajo
3194,1,Chat,Advertiser,Page Management,1,5,574,0.0,Positive,2025-04-13,0.1937797221769466,0,Bajo
4253,0,Email,Advertiser,Ad Billing,1,4,754,752.0,Negative,2025-04-01,0.21918028230345202,0,Bajo
5770,0,Chat,Business Page,Account Access,1,4,777,0.0,Positive,2025-04-02,0.18432888405427425,0,Bajo
6746,0,Chat,Business Page,Account Access,0,5,486,0.0,Positive,2025-04-16,0.19295550778436388,0,Bajo
8851,1,Chat,Advertiser,General Support,1,5,733,0.0,Neutral,2025-04-22,0.18814741048864453,0,Bajo
6646,0,Email,Business Page,Content Violation,1,3,522,0.0,Positive,2025-04-13,0.18505344730837758,0,Bajo
7210,0,Email,Advertiser,Ad Billing,1,4,499,507.67,Positive,2025-04-28,0.20346794001661436,0,Bajo
5465,0,Email,Advertiser,Account Access,1,5,538,0.0,Neutral,2025-04-20,0.20202976192694927,0,Bajo
3641,0,Email,User,Ad Billing,1,5,966,0.0,Neutral,2025-04-14,0.19731545122894076,0,Bajo
2712,1,Email,User,Content Violation,1,3,717,0.0,Negative,2025-04-23,0.19568479291428761,0,Bajo
5621,0,Voice,Business Page,General Support,1,4,783,0.0,Positive,2025-04-14,0.183799339658769,0,Bajo
441,1,Email,User,Account Access,0,5,740,0.0,Neutral,2025-04-28,0.20644025699605031,0,Bajo
9339,0,Chat,Business Page,Page Management,1,3,682,0.0,Neutral,2025-04-02,0.1977888222421785,0,Bajo
9578,0,Chat,Business Page,Account Access,1,5,670,0.0,Positive,2025-04-01,0.1926504370199158,0,Bajo
6366,0,Email,Advertiser,Account Access,0,5,693,0.0,Positive,2025-04-22,0.19654092711447818,0,Bajo
8633,0,Voice,Business Page,General Support,0,5,586,0.0,Neutral,2025-04-18,0.1908358820967961,0,Bajo
2145,1,Chat,User,General Support,0,4,683,0.0,Negative,2025-04-06,0.20968413658383667,0,Bajo
4545,0,Email,User,Ad Billing,0,3,777,0.0,Neutral,2025-04-27,0.1881681282639796,0,Bajo
4816,1,Email,Advertiser,Page Management,1,4,625,0.0,Positive,2025-04-16,0.19459431646804715,0,Bajo
6976,0,Email,Business Page,Content Violation,0,3,567,0.0,Negative,2025-04-13,0.18362185329064182,0,Bajo
5169,0,Chat,Advertiser,Account Access,0,3,698,0.0,Negative,2025-04-10,0.20456215475366732,0,Bajo
9062,0,Email,Business Page,Page Management,1,4,637,0.0,Negative,2025-04-11,0.20381415767431632,0,Bajo
1708,0,Email,User,Page Management,1,5,468,0.0,Neutral,2025-04-19,0.19994752658535567,0,Bajo
4374,0,Chat,Business Page,General Support,1,5,733,0.0,Negative,2025-04-01,0.20354437153227053,0,Bajo
7169,0,Email,User,Account Access,0,2,464,0.0,Positive,2025-04-19,0.20854964727062972,0,Bajo
620,1,Email,User,General Support,1,5,554,0.0,Negative,2025-04-07,0.22030129106899768,0,Bajo
7341,0,Email,Business Page,Page Management,1,4,427,0.0,Neutral,2025-04-19,0.1926266803301346,0,Bajo
5740,1,Chat,Business Page,Page Management,1,2,801,0.0,Positive,2025-04-03,0.19825631844769784,0,Bajo
5097,1,Voice,Advertiser,Page Management,1,4,629,0.0,Positive,2025-04-24,0.20005914094561011,0,Bajo
721,1,Email,Advertiser,General Support,1,5,704,0.0,Negative,2025-04-19,0.20427185198832146,0,Bajo
6614,0,Email,Business Page,Content Violation,1,3,621,0.0,Negative,2025-04-11,0.18141681996339853,0,Bajo
6548,0,Chat,Business Page,Page Management,1,3,700,0.0,Negative,2025-04-18,0.2103057434737775,0,Bajo
2304,0,Chat,Business Page,Account Access,1,4,628,0.0,Positive,2025-04-22,0.19219872910802466,0,Bajo
6558,0,Email,User,General Support,1,3,425,0.0,Negative,2025-04-29,0.22263897688562845,0,Bajo
709,0,Email,Advertiser,Content Violation,1,5,682,0.0,Negative,2025-04-24,0.18506161057645268,0,Bajo
6804,0,Email,Advertiser,Ad Billing,0,5,542,294.68,Positive,2025-04-04,0.1867686157654421,0,Bajo
6053,0,Chat,Business Page,Account Access,0,5,681,0.0,Neutral,2025-04-20,0.1904370684792938,0,Bajo
6398,0,Voice,Business Page,Page Management,1,4,429,0.0,Positive,2025-04-19,0.21065549667215566,0,Bajo
977,0,Voice,Advertiser,General Support,1,3,609,0.0,Positive,2025-04-06,0.20723023117781084,0,Bajo
9766,0,Chat,Advertiser,Ad Billing,1,5,574,669.4,Positive,2025-04-02,0.18863788400937226,0,Bajo
2976,0,Voice,Business Page,General Support,1,3,513,0.0,Negative,2025-04-15,0.22136919212838568,0,Bajo
608,1,Email,Advertiser,Ad Billing,1,5,469,519.12,Negative,2025-04-02,0.22417806555387604,0,Bajo
5289,0,Voice,Business Page,Page Management,0,4,374,0.0,Positive,2025-04-04,0.22167916788015343,0,Bajo
2386,0,Chat,Advertiser,Account Access,1,5,674,0.0,Negative,2025-04-19,0.20703379845186556,0,Bajo
8750,0,Chat,Business Page,Content Violation,1,4,520,0.0,Positive,2025-04-25,0.1836220865241479,0,Bajo
2445,0,Chat,Business Page,General Support,1,5,784,0.0,Positive,2025-04-18,0.17825067561660474,0,Bajo
7769,0,Email,User,Account Access,1,5,310,0.0,Neutral,2025-04-03,0.25048639226485336,0,Bajo
5051,1,Chat,User,Page Management,0,5,477,0.0,Positive,2025-04-22,0.20102378470708895,0,Bajo
6212,0,Chat,Advertiser,Page Management,1,5,672,0.0,Negative,2025-04-14,0.20039269631997708,0,Bajo
7624,0,Chat,User,General Support,1,4,640,0.0,Positive,2025-04-15,0.1882578134013541,0,Bajo
7305,0,Voice,User,General Support,1,4,727,0.0,Positive,2025-04-10,0.19283179183674778,0,Bajo
7534,0,Chat,Advertiser,Ad Billing,0,4,170,204.96,Negative,2025-04-24,0.2254814655124843,0,Bajo
3707,1,Chat,Business Page,General Support,1,5,681,0.0,Positive,2025-04-09,0.18504479977665755,0,Bajo
7468,0,Chat,Advertiser,Ad Billing,1,3,592,19.46,Positive,2025-04-29,0.18996870105602917,0,Bajo
9299,0,Chat,User,Account Access,0,2,522,0.0,Positive,2025-04-15,0.20711797534419618,0,Bajo
1474,0,Chat,User,Page Management,1,5,613,0.0,Neutral,2025-04-20,0.1998719695580633,0,Bajo
3702,0,Email,Business Page,Page Management,1,4,488,0.0,Neutral,2025-04-28,0.19212924637335452,0,Bajo
7530,0,Email,Advertiser,General Support,0,4,533,0.0,Neutral,2025-04-23,0.1966473701826348,0,Bajo
3631,0,Email,User,General Support,1,5,532,0.0,Positive,2025-04-21,0.19974476889845372,0,Bajo
4667,0,Voice,Advertiser,Content Violation,1,5,414,0.0,Neutral,2025-04-04,0.2047587073801255,0,Bajo
9904,0,Chat,Advertiser,Page Management,1,5,746,0.0,Neutral,2025-04-28,0.1928754938691441,0,Bajo
1530,0,Voice,User,General Support,0,5,520,0.0,Negative,2025-04-19,0.23098529609818658,0,Bajo
7848,0,Chat,Business Page,Ad Billing,1,5,594,0.0,Negative,2025-04-17,0.20126134032595197,0,Bajo
9468,0,Chat,Advertiser,Page Management,1,3,590,0.0,Neutral,2025-04-10,0.19951402506710958,0,Bajo
2576,0,Email,User,General Support,1,2,718,0.0,Neutral,2025-04-23,0.20413004971821969,0,Bajo
3643,0,Chat,Advertiser,Ad Billing,1,4,542,820.74,Negative,2025-04-26,0.3074206618028387,0,Medio
6629,0,Email,User,Ad Billing,1,4,655,0.0,Negative,2025-04-01,0.2130999665489236,0,Bajo
2706,1,Email,Advertiser,General Support,1,5,655,0.0,Negative,2025-04-29,0.2078972506891708,0,Bajo
5235,0,Email,Advertiser,Account Access,0,2,669,0.0,Positive,2025-04-11,0.19609571009618282,0,Bajo
7947,0,Voice,User,Account Access,0,4,740,0.0,Negative,2025-04-04,0.23018428812221095,0,Bajo
2244,0,Chat,User,Page Management,1,3,742,0.0,Neutral,2025-04-07,0.20161215644842603,0,Bajo
1445,0,Email,Business Page,General Support,1,1,536,0.0,Positive,2025-04-08,0.19122516884391388,0,Bajo
6362,0,Chat,User,General Support,0,1,693,0.0,Positive,2025-04-24,0.19199122620176923,0,Bajo
5398,0,Email,Advertiser,Ad Billing,1,4,360,255.47,Positive,2025-04-06,0.20135268314592789,0,Bajo
4061,0,Chat,Advertiser,Account Access,1,4,576,0.0,Negative,2025-04-09,0.21379503445819117,0,Bajo
5384,0,Voice,Business Page,Ad Billing,0,5,604,0.0,Neutral,2025-04-15,0.1871453132474836,0,Bajo
2264,0,Voice,Advertiser,General Support,1,2,600,0.0,Positive,2025-04-18,0.2085647448720098,0,Bajo
3365,1,Chat,Advertiser,Ad Billing,1,3,607,229.53,Positive,2025-04-28,0.1956666510049757,0,Bajo
1997,0,Voice,Advertiser,Account Access,0,5,465,0.0,Negative,2025-04-16,0.2206306023302231,0,Bajo
8258,0,Chat,Advertiser,Ad Billing,0,3,802,217.72,Neutral,2025-04-19,0.19207862179679228,0,Bajo
3873,0,Voice,User,Page Management,0,2,794,0.0,Negative,2025-04-26,0.2252290462463026,0,Bajo
2003,0,Chat,Advertiser,Content Violation,1,5,731,0.0,Positive,2025-04-01,0.17559681907652744,0,Bajo
3185,0,Email,Business Page,Ad Billing,1,5,503,0.0,Neutral,2025-04-29,0.18878511523690855,0,Bajo
4938,1,Chat,User,Content Violation,0,5,843,0.0,Positive,2025-04-11,0.1721247190191664,0,Bajo
7237,0,Chat,Advertiser,Account Access,1,5,724,0.0,Neutral,2025-04-01,0.1974126660322529,0,Bajo
2824,0,Chat,User,Account Access,1,5,762,0.0,Neutral,2025-04-23,0.1915093691802179,0,Bajo
3435,0,Chat,Advertiser,Content Violation,1,2,609,0.0,Negative,2025-04-11,0.19604835818650163,0,Bajo
6683,0,Chat,User,General Support,1,3,904,0.0,Positive,2025-04-20,0.18797631351950253,0,Bajo
836,0,Chat,Business Page,General Support,1,4,597,0.0,Negative,2025-04-27,0.20798699369068782,0,Bajo
831,1,Chat,Business Page,Ad Billing,0,2,542,0.0,Positive,2025-04-11,0.1892516068546331,0,Bajo
4677,0,Chat,User,Account Access,0,5,485,0.0,Positive,2025-04-19,0.20986489014224155,0,Bajo
5963,0,Chat,Advertiser,General Support,1,5,589,0.0,Neutral,2025-04-16,0.18962474075685232,0,Bajo
2550,1,Voice,Advertiser,Content Violation,1,4,667,0.0,Positive,2025-04-02,0.18923918420919256,0,Bajo
4835,1,Voice,User,Content Violation,1,2,854,0.0,Neutral,2025-04-22,0.19802162174996288,0,Bajo
3157,0,Voice,Business Page,Account Access,0,4,930,0.0,Negative,2025-04-27,0.21501666614176118,0,Bajo
8646,0,Email,Business Page,Ad Billing,1,4,494,0.0,Neutral,2025-04-05,0.19056549900186384,0,Bajo
7945,0,Chat,User,Account Access,1,3,678,0.0,Negative,2025-04-03,0.21187687884551484,0,Bajo
6006,0,Email,Business Page,Page Management,0,5,732,0.0,Positive,2025-04-02,0.18702410017753132,0,Bajo
4315,0,Chat,Business Page,Page Management,1,2,683,0.0,Neutral,2025-04-01,0.2029491587291958,0,Bajo
2896,0,Chat,Business Page,Content Violation,1,2,492,0.0,Positive,2025-04-04,0.19475900297873494,0,Bajo
882,0,Chat,Advertiser,Ad Billing,1,4,483,592.07,Neutral,2025-04-04,0.21031455818949082,0,Bajo
4185,0,Email,User,General Support,1,5,666,0.0,Neutral,2025-04-26,0.1997924038932641,0,Bajo
6677,0,Chat,Advertiser,General Support,1,1,600,0.0,Positive,2025-04-10,0.19573279912050448,0,Bajo
1160,0,Chat,User,Page Management,0,5,627,0.0,Neutral,2025-04-26,0.19434817223932166,0,Bajo
5551,0,Email,Business Page,General Support,1,4,801,0.0,Positive,2025-04-24,0.1815452599154687,0,Bajo
7702,0,Chat,User,Ad Billing,1,4,596,0.0,Positive,2025-04-07,0.1998370295807312,0,Bajo
5327,1,Voice,Advertiser,Ad Billing,0,5,473,57.53,Neutral,2025-04-21,0.1998868463183569,0,Bajo
1677,0,Chat,User,Page Management,1,2,487,0.0,Positive,2025-04-28,0.2076797683721999,0,Bajo
9938,0,Voice,Advertiser,Content Violation,1,2,424,0.0,Neutral,2025-04-13,0.21305029730996888,0,Bajo
4673,0,Voice,Business Page,General Support,1,4,796,0.0,Positive,2025-04-13,0.1816086475996614,0,Bajo
4070,0,Email,Business Page,General Support,0,3,703,0.0,Neutral,2025-04-16,0.1913255918653706,0,Bajo
9364,0,Chat,Business Page,Content Violation,1,4,591,0.0,Neutral,2025-04-26,0.1687712009780055,0,Bajo
7254,0,Chat,Business Page,General Support,1,5,639,0.0,Negative,2025-04-15,0.20421812574880768,0,Bajo
337,1,Chat,User,Content Violation,1,4,617,0.0,Positive,2025-04-19,0.18659570267639347,0,Bajo
868,0,Chat,User,General Support,1,4,580,0.0,Positive,2025-04-08,0.19454931522327912,0,Bajo
6717,0,Email,User,Content Violation,0,5,525,0.0,Negative,2025-04-11,0.19249583265432194,0,Bajo
4281,0,Voice,Advertiser,Account Access,1,4,720,0.0,Negative,2025-04-03,0.20802835460214805,0,Bajo
2468,0,Voice,Business Page,Account Access,0,5,713,0.0,Neutral,2025-04-29,0.19343547181568946,0,Bajo
4619,0,Chat,Business Page,Account Access,1,4,758,0.0,Neutral,2025-04-11,0.18870695626092962,0,Bajo
5997,0,Email,Business Page,Ad Billing,1,4,805,0.0,Positive,2025-04-28,0.1801316089248868,0,Bajo
7858,0,Email,Business Page,Content Violation,0,2,436,0.0,Neutral,2025-04-16,0.18069298610866627,0,Bajo
9103,0,Chat,Advertiser,Page Management,1,5,619,0.0,Positive,2025-04-02,0.18780827974277345,0,Bajo
9286,0,Chat,User,Ad Billing,1,4,500,0.0,Positive,2025-04-13,0.20206272488827876,0,Bajo
7216,0,Email,User,General Support,1,5,796,0.0,Negative,2025-04-12,0.2132279589744341,0,Bajo
2697,0,Voice,Advertiser,Page Management,1,5,568,0.0,Neutral,2025-04-21,0.20811823722037856,0,Bajo
3614,1,Voice,User,General Support,1,5,635,0.0,Negative,2025-04-05,0.20686717423044834,0,Bajo
4215,0,Email,Advertiser,Account Access,1,2,548,0.0,Negative,2025-04-29,0.21534520131947907,0,Bajo
6220,0,Chat,Advertiser,Ad Billing,1,4,567,66.85,Positive,2025-04-11,0.19515641676557052,0,Bajo
3701,1,Chat,Advertiser,Page Management,1,5,756,0.0,Neutral,2025-04-04,0.19310448691142565,0,Bajo
6521,0,Voice,User,Account Access,1,3,467,0.0,Negative,2025-04-10,0.23371349658961652,0,Bajo
9820,0,Email,Business Page,Ad Billing,1,5,475,0.0,Negative,2025-04-18,0.1993900207772735,0,Bajo
6319,0,Email,User,Account Access,0,3,584,0.0,Negative,2025-04-12,0.22266249867329202,0,Bajo
78,1,Voice,Advertiser,Page Management,1,4,584,0.0,Positive,2025-04-01,0.21009973203948898,0,Bajo
7579,0,Email,Business Page,Page Management,1,2,869,0.0,Negative,2025-04-02,0.2189861830915353,0,Bajo
4970,0,Chat,Business Page,Ad Billing,1,3,684,0.0,Negative,2025-04-06,0.2038512441678688,0,Bajo
1488,1,Chat,User,Page Management,0,5,773,0.0,Positive,2025-04-09,0.19469655605828803,0,Bajo
6224,0,Chat,User,Page Management,1,3,625,0.0,Negative,2025-04-17,0.21327412890652026,0,Bajo
3856,0,Email,Advertiser,Ad Billing,0,3,289,850.85,Positive,2025-04-27,0.16140100274412753,0,Bajo
8845,0,Email,User,Page Management,1,5,681,0.0,Positive,2025-04-09,0.20157615515113117,0,Bajo
295,0,Voice,Advertiser,General Support,0,4,369,0.0,Positive,2025-04-29,0.22353602247541426,0,Bajo
7098,1,Chat,Advertiser,Content Violation,0,4,608,0.0,Negative,2025-04-27,0.1828308216670759,0,Bajo
6082,0,Chat,Business Page,General Support,0,4,652,0.0,Positive,2025-04-01,0.1817427254117906,0,Bajo
5225,0,Email,Advertiser,General Support,1,5,723,0.0,Neutral,2025-04-26,0.18949318355489583,0,Bajo
2070,0,Chat,Advertiser,Account Access,0,4,597,0.0,Positive,2025-04-08,0.19686500271317753,0,Bajo
1110,0,Chat,Business Page,Ad Billing,1,5,618,0.0,Neutral,2025-04-16,0.18819387880151947,0,Bajo
7847,1,Email,User,Account Access,0,4,660,0.0,Positive,2025-04-13,0.20582440016183523,0,Bajo
7849,0,Chat,Advertiser,General Support,1,5,733,0.0,Negative,2025-04-07,0.20270400986301398,0,Bajo
7521,0,Voice,Business Page,Page Management,1,2,501,0.0,Neutral,2025-04-10,0.212525197820049,0,Bajo
2049,0,Chat,Business Page,Page Management,1,1,753,0.0,Negative,2025-04-07,0.20833779164365343,0,Bajo
2881,1,Chat,Advertiser,General Support,1,4,734,0.0,Neutral,2025-04-10,0.18959476365564834,0,Bajo
4178,0,Voice,User,Content Violation,1,4,552,0.0,Neutral,2025-04-17,0.1950436359546757,0,Bajo
3197,0,Email,Business Page,Page Management,1,4,579,0.0,Neutral,2025-04-24,0.19629408119077169,0,Bajo
5575,0,Email,User,Content Violation,1,4,365,0.0,Positive,2025-04-23,0.20364607545526578,0,Bajo
7959,0,Chat,Advertiser,Ad Billing,0,3,577,250.29,Positive,2025-04-20,0.1831349634940486,0,Bajo
1248,0,Email,Advertiser,Page Management,1,5,512,0.0,Neutral,2025-04-23,0.19688531558854766,0,Bajo
9605,0,Email,Business Page,General Support,1,2,664,0.0,Negative,2025-04-16,0.2155873005854492,0,Bajo
3552,1,Chat,Business Page,General Support,1,4,573,0.0,Negative,2025-04-15,0.20855967577170104,0,Bajo
5269,0,Voice,Business Page,Ad Billing,1,5,460,0.0,Positive,2025-04-19,0.20550059015036712,0,Bajo
1985,1,Chat,Business Page,Account Access,0,5,521,0.0,Neutral,2025-04-12,0.19597886883913826,0,Bajo
7127,0,Email,Business Page,Ad Billing,1,3,412,0.0,Negative,2025-04-27,0.2052564334275182,0,Bajo
9905,1,Email,Advertiser,Account Access,1,3,546,0.0,Positive,2025-04-08,0.20292621701800737,0,Bajo
5286,0,Chat,User,General Support,1,5,681,0.0,Negative,2025-04-10,0.21445075072991646,0,Bajo
2325,0,Email,Business Page,Account Access,1,5,399,0.0,Positive,2025-04-09,0.20038474177772078,0,Bajo
6853,0,Email,Advertiser,Account Access,1,3,495,0.0,Neutral,2025-04-29,0.2037328820616889,0,Bajo
7651,0,Chat,Business Page,General Support,0,2,446,0.0,Negative,2025-04-10,0.21246879314647552,0,Bajo
8138,1,Voice,Advertiser,Ad Billing,1,2,644,805.3,Negative,2025-04-16,0.2807574360299214,0,Bajo
7946,1,Email,User,Ad Billing,1,5,638,0.0,Neutral,2025-04-08,0.19525563411668703,0,Bajo
8157,1,Chat,Advertiser,Content Violation,0,3,626,0.0,Negative,2025-04-01,0.185173149542167,0,Bajo
6621,0,Voice,Advertiser,Content Violation,1,5,574,0.0,Positive,2025-04-09,0.1969740678394228,0,Bajo
688,0,Chat,Advertiser,Account Access,0,2,729,0.0,Negative,2025-04-29,0.2011031444061236,0,Bajo
2302,1,Chat,Advertiser,Ad Billing,1,5,838,132.09,Positive,2025-04-20,0.17120082403319187,0,Bajo
703,0,Chat,Business Page,General Support,1,3,793,0.0,Neutral,2025-04-13,0.18782707798852147,0,Bajo
4129,0,Email,Advertiser,Content Violation,1,5,593,0.0,Negative,2025-04-15,0.1853021437290539,0,Bajo
4825,0,Email,Advertiser,Content Violation,0,5,500,0.0,Positive,2025-04-05,0.19218923520055542,0,Bajo
8252,0,Chat,User,General Support,1,4,503,0.0,Negative,2025-04-27,0.22213955008943959,0,Bajo
8432,0,Chat,Business Page,General Support,0,4,532,0.0,Neutral,2025-04-06,0.18932377116762783,0,Bajo
3721,0,Chat,Advertiser,General Support,1,5,756,0.0,Neutral,2025-04-10,0.189366627082953,0,Bajo
4696,0,Chat,User,Account Access,1,5,525,0.0,Positive,2025-04-29,0.20678759621156143,0,Bajo
8744,0,Email,User,Page Management,0,4,715,0.0,Positive,2025-04-14,0.19757320273465945,0,Bajo
4396,0,Email,Business Page,Account Access,1,5,522,0.0,Positive,2025-04-08,0.19426884046110549,0,Bajo
6561,1,Email,Advertiser,Page Management,1,5,578,0.0,Negative,2025-04-09,0.20690928636980743,0,Bajo
1338,1,Chat,Advertiser,General Support,1,2,632,0.0,Neutral,2025-04-11,0.19539661542156914,0,Bajo
92,0,Email,Business Page,Page Management,1,4,447,0.0,Negative,2025-04-02,0.20412069223331686,0,Bajo
2569,0,Email,Advertiser,Ad Billing,1,4,526,657.02,Positive,2025-04-25,0.18912958131812924,0,Bajo
9704,0,Chat,Advertiser,Page Management,1,2,496,0.0,Positive,2025-04-01,0.20183247059139123,0,Bajo
4048,1,Voice,Business Page,Ad Billing,1,5,523,0.0,Positive,2025-04-13,0.20568485997998606,0,Bajo
2943,0,Email,Business Page,Page Management,1,4,479,0.0,Positive,2025-04-02,0.19464864814086888,0,Bajo
2510,1,Chat,Advertiser,Ad Billing,0,5,733,211.09,Neutral,2025-04-29,0.18238756509353912,0,Bajo
6931,0,Email,User,Ad Billing,1,1,529,0.0,Positive,2025-04-11,0.20110643962501062,0,Bajo
190,0,Email,Business Page,Page Management,1,3,646,0.0,Negative,2025-04-18,0.21886207690868828,0,Bajo
5196,0,Chat,Business Page,Page Management,1,4,620,0.0,Neutral,2025-04-16,0.1905657892212576,0,Bajo
6779,0,Email,User,Account Access,1,4,680,0.0,Negative,2025-04-22,0.21401265889089324,0,Bajo
1914,0,Voice,Business Page,Ad Billing,0,1,624,0.0,Positive,2025-04-07,0.19578747019543785,0,Bajo
4714,0,Voice,User,Page Management,1,4,517,0.0,Neutral,2025-04-24,0.21562680787914057,0,Bajo
6773,1,Email,User,Content Violation,1,2,426,0.0,Positive,2025-04-08,0.19700554205190937,0,Bajo
1903,1,Chat,Advertiser,Ad Billing,1,4,576,873.84,Neutral,2025-04-14,0.14582221737227813,0,Bajo
6476,0,Chat,User,Ad Billing,0,4,664,0.0,Negative,2025-04-02,0.2043136787799284,0,Bajo
7589,0,Email,User,Ad Billing,0,2,790,0.0,Negative,2025-04-27,0.209383737438892,0,Bajo
5908,0,Email,Business Page,Content Violation,1,5,471,0.0,Neutral,2025-04-24,0.17028682713285362,0,Bajo
2924,0,Email,Advertiser,Page Management,0,3,659,0.0,Neutral,2025-04-10,0.2096768666571717,0,Bajo
6600,0,Chat,User,Page Management,1,5,846,0.0,Positive,2025-04-03,0.1869138989640251,0,Bajo
4431,0,Voice,Advertiser,Ad Billing,1,4,684,643.25,Neutral,2025-04-28,0.18480202767595894,0,Bajo
2249,1,Email,User,General Support,1,5,424,0.0,Negative,2025-04-15,0.2188955617599865,0,Bajo
4797,0,Email,Business Page,General Support,1,5,551,0.0,Positive,2025-04-13,0.1948375372303058,0,Bajo
1929,0,Email,Business Page,General Support,0,4,483,0.0,Positive,2025-04-28,0.191372936849704,0,Bajo
8315,1,Chat,User,Ad Billing,1,1,549,0.0,Negative,2025-04-08,0.21232685522094843,0,Bajo
3516,0,Chat,Business Page,General Support,1,5,575,0.0,Negative,2025-04-06,0.2067101847227675,0,Bajo
9188,0,Email,User,Account Access,0,5,331,0.0,Positive,2025-04-25,0.21441829407103535,0,Bajo
3497,1,Email,User,Account Access,1,5,749,0.0,Neutral,2025-04-08,0.2011622746518614,0,Bajo
36,1,Chat,Advertiser,Page Management,1,5,579,0.0,Neutral,2025-04-27,0.19378308312218245,0,Bajo
4402,1,Chat,Business Page,Account Access,1,3,465,0.0,Negative,2025-04-09,0.21430312593676779,0,Bajo
9967,0,Voice,User,Content Violation,0,4,586,0.0,Negative,2025-04-19,0.19578190007307844,0,Bajo
9797,0,Email,Advertiser,Ad Billing,0,4,618,902.1,Negative,2025-04-02,0.20284974423626043,0,Bajo
7728,0,Chat,Advertiser,General Support,1,1,550,0.0,Negative,2025-04-05,0.20339300387224804,0,Bajo
5672,1,Email,User,Ad Billing,0,4,460,0.0,Negative,2025-04-28,0.20997326127442753,0,Bajo
7908,0,Chat,Business Page,Page Management,1,5,645,0.0,Positive,2025-04-16,0.1888327071057532,0,Bajo
8775,0,Email,Advertiser,Page Management,1,4,541,0.0,Negative,2025-04-07,0.21033003461862912,0,Bajo
5243,0,Chat,User,Page Management,1,5,573,0.0,Negative,2025-04-07,0.21478879869971426,0,Bajo
1359,0,Chat,Advertiser,Ad Billing,1,5,627,605.72,Negative,2025-04-25,0.2071665250365924,0,Bajo
6732,0,Chat,Business Page,Content Violation,1,5,682,0.0,Neutral,2025-04-14,0.16578920992169022,0,Bajo
421,0,Email,Advertiser,Content Violation,1,3,434,0.0,Positive,2025-04-04,0.197119199987302,0,Bajo
6972,0,Email,Advertiser,Content Violation,1,4,585,0.0,Positive,2025-04-10,0.1899136350388574,0,Bajo
9674,0,Email,Business Page,Content Violation,1,3,495,0.0,Positive,2025-04-20,0.18655825625510086,0,Bajo
6512,0,Chat,User,Content Violation,1,3,630,0.0,Neutral,2025-04-20,0.18109902983929535,0,Bajo
9057,0,Chat,Advertiser,Account Access,1,5,829,0.0,Negative,2025-04-01,0.19861686497330308,0,Bajo
2578,0,Email,Business Page,Account Access,1,5,448,0.0,Negative,2025-04-20,0.20324146496977022,0,Bajo
3446,0,Voice,Business Page,Ad Billing,1,4,465,0.0,Negative,2025-04-07,0.20752582381346601,0,Bajo
8168,0,Email,Advertiser,Page Management,1,5,566,0.0,Positive,2025-04-23,0.2005109358803902,0,Bajo
6740,0,Chat,Advertiser,Ad Billing,1,3,746,483.31,Positive,2025-04-04,0.18769825523066733,0,Bajo
3253,1,Voice,Advertiser,Ad Billing,1,4,408,887.59,Neutral,2025-04-06,0.1809392678334688,0,Bajo
2004,0,Chat,Advertiser,Page Management,1,4,703,0.0,Negative,2025-04-03,0.2026225312848473,0,Bajo
545,1,Chat,Advertiser,Account Access,1,5,560,0.0,Neutral,2025-04-18,0.20350110322729417,0,Bajo
5168,0,Email,User,Content Violation,1,5,789,0.0,Positive,2025-04-01,0.17920252545700813,0,Bajo
5608,0,Chat,User,Content Violation,1,5,483,0.0,Negative,2025-04-01,0.1956972216336795,0,Bajo
2451,0,Chat,User,Account Access,1,2,488,0.0,Positive,2025-04-15,0.20887122916457554,0,Bajo
4569,0,Chat,User,Page Management,1,5,732,0.0,Negative,2025-04-12,0.21116870214595637,0,Bajo
8190,1,Email,User,Account Access,0,4,659,0.0,Neutral,2025-04-15,0.2111688657930016,0,Bajo
9570,0,Voice,Business Page,Ad Billing,1,4,639,0.0,Neutral,2025-04-01,0.19180672047452813,0,Bajo
4141,0,Email,User,Content Violation,1,5,447,0.0,Negative,2025-04-22,0.19205248910550968,0,Bajo
8115,0,Chat,Advertiser,Page Management,0,5,497,0.0,Negative,2025-04-18,0.19932464154327031,0,Bajo
3273,0,Voice,Business Page,General Support,1,3,512,0.0,Positive,2025-04-26,0.2064426458819802,0,Bajo
4300,0,Chat,User,Ad Billing,1,5,434,0.0,Positive,2025-04-18,0.1985763208265159,0,Bajo
4757,0,Email,User,General Support,1,5,587,0.0,Negative,2025-04-01,0.21799537457459853,0,Bajo
2893,0,Email,User,Ad Billing,1,4,605,0.0,Neutral,2025-04-29,0.1994375399823551,0,Bajo
1831,1,Email,Advertiser,Account Access,1,2,509,0.0,Positive,2025-04-15,0.2033070320189905,0,Bajo
470,0,Email,User,Ad Billing,1,3,673,0.0,Positive,2025-04-23,0.19943588328409556,0,Bajo
6293,0,Voice,User,Page Management,1,4,505,0.0,Negative,2025-04-23,0.220220906234954,0,Bajo
2715,1,Chat,Business Page,Account Access,1,4,672,0.0,Positive,2025-04-03,0.19275805468859736,0,Bajo
5308,0,Chat,Advertiser,Content Violation,0,4,562,0.0,Neutral,2025-04-23,0.1873352226018701,0,Bajo
6847,0,Email,Advertiser,General Support,0,4,656,0.0,Positive,2025-04-22,0.18803279810019896,0,Bajo
789,1,Voice,Advertiser,Content Violation,1,4,460,0.0,Neutral,2025-04-20,0.20618320654784786,0,Bajo
3666,0,Chat,Business Page,Page Management,0,3,619,0.0,Positive,2025-04-15,0.18580922587313842,0,Bajo
9574,0,Email,Business Page,Page Management,0,5,497,0.0,Neutral,2025-04-25,0.18951416652943978,0,Bajo
1536,1,Email,User,Ad Billing,0,5,672,0.0,Positive,2025-04-27,0.19167217185390925,0,Bajo
8689,1,Chat,Advertiser,Ad Billing,0,4,701,344.43,Negative,2025-04-17,0.19079543274872457,0,Bajo
9395,0,Chat,Advertiser,Page Management,0,3,565,0.0,Negative,2025-04-28,0.20358839002270956,0,Bajo
1531,0,Email,User,Ad Billing,1,3,709,0.0,Negative,2025-04-20,0.21149833169477614,0,Bajo
5301,0,Voice,User,Account Access,1,4,833,0.0,Negative,2025-04-18,0.19890947060156805,0,Bajo
8423,0,Email,Advertiser,Ad Billing,1,4,729,334.94,Neutral,2025-04-29,0.19462125881567802,0,Bajo
9809,0,Email,Business Page,Ad Billing,1,2,717,0.0,Neutral,2025-04-22,0.1965250628305865,0,Bajo
8128,1,Chat,Advertiser,Content Violation,0,4,497,0.0,Positive,2025-04-29,0.2025438264417557,0,Bajo
3487,0,Voice,Advertiser,Page Management,1,2,650,0.0,Positive,2025-04-12,0.21853337285223431,0,Bajo
7019,0,Voice,Business Page,General Support,1,3,541,0.0,Neutral,2025-04-07,0.2086132048523788,0,Bajo
9326,0,Chat,User,Content Violation,1,5,522,0.0,Negative,2025-04-16,0.19325459801998965,0,Bajo
8052,1,Chat,Advertiser,Content Violation,1,4,528,0.0,Positive,2025-04-16,0.1937114629643158,0,Bajo
595,0,Voice,Advertiser,Page Management,1,5,620,0.0,Positive,2025-04-13,0.20263954181232946,0,Bajo
9810,0,Voice,User,General Support,1,3,619,0.0,Neutral,2025-04-02,0.20692819026851153,0,Bajo
7692,1,Chat,Advertiser,General Support,1,5,725,0.0,Neutral,2025-04-21,0.18790057197603457,0,Bajo
8791,0,Email,Business Page,Ad Billing,1,5,586,0.0,Negative,2025-04-10,0.20460056409259408,0,Bajo
156,0,Chat,Advertiser,Ad Billing,1,5,620,864.59,Neutral,2025-04-18,0.19459458609741462,0,Bajo
3415,1,Chat,Business Page,Page Management,1,4,386,0.0,Positive,2025-04-26,0.19114537064639198,0,Bajo
9048,0,Chat,User,Account Access,1,5,754,0.0,Neutral,2025-04-12,0.19268343292999662,0,Bajo
9981,0,Voice,Advertiser,Page Management,1,4,635,0.0,Negative,2025-04-11,0.19985483028806875,0,Bajo
317,1,Voice,Advertiser,Page Management,1,5,570,0.0,Neutral,2025-04-06,0.20818899852308204,0,Bajo
286,0,Chat,Advertiser,Page Management,1,5,518,0.0,Positive,2025-04-27,0.19440229085594696,0,Bajo
6199,1,Voice,Business Page,Page Management,0,4,708,0.0,Neutral,2025-04-18,0.19436760475496961,0,Bajo
6650,0,Voice,User,Ad Billing,1,2,571,0.0,Neutral,2025-04-06,0.21617726376394558,0,Bajo
9091,0,Chat,Advertiser,Page Management,1,5,511,0.0,Neutral,2025-04-27,0.19281585562629203,0,Bajo
1837,0,Chat,Business Page,Content Violation,0,5,807,0.0,Positive,2025-04-06,0.165018893098253,0,Bajo
6470,1,Chat,Business Page,Ad Billing,1,3,752,0.0,Neutral,2025-04-02,0.1918036782526368,0,Bajo
1224,0,Chat,Business Page,General Support,1,3,531,0.0,Positive,2025-04-22,0.1876832025733635,0,Bajo
8683,0,Chat,Business Page,Account Access,0,5,700,0.0,Positive,2025-04-27,0.19030056493606795,0,Bajo
6158,0,Chat,Advertiser,Ad Billing,1,4,612,726.12,Positive,2025-04-15,0.19352783068754065,0,Bajo
6359,0,Email,User,Content Violation,1,5,608,0.0,Neutral,2025-04-11,0.17548865541242437,0,Bajo
4054,0,Chat,Advertiser,Ad Billing,1,2,669,838.51,Neutral,2025-04-01,0.1838615377635479,0,Bajo
4542,0,Chat,User,Page Management,0,5,551,0.0,Negative,2025-04-25,0.21304279198845397,0,Bajo
4306,1,Chat,Business Page,Page Management,1,1,688,0.0,Negative,2025-04-09,0.2103128930424458,0,Bajo
69,0,Chat,Business Page,Ad Billing,1,5,456,0.0,Negative,2025-04-25,0.19742316605270538,0,Bajo
3788,0,Chat,Business Page,Page Management,1,5,578,0.0,Neutral,2025-04-03,0.1883060105522214,0,Bajo
3759,0,Chat,User,Ad Billing,0,3,612,0.0,Neutral,2025-04-03,0.1926309927017259,0,Bajo
8289,0,Chat,Advertiser,Page Management,1,5,422,0.0,Positive,2025-04-16,0.19253550819809478,0,Bajo
443,0,Voice,Advertiser,Content Violation,1,3,552,0.0,Negative,2025-04-12,0.20693375607641243,0,Bajo
5462,1,Chat,Advertiser,General Support,1,5,639,0.0,Neutral,2025-04-20,0.1895421705374816,0,Bajo
3237,0,Email,Advertiser,Page Management,1,4,576,0.0,Negative,2025-04-09,0.20984576374955005,0,Bajo
7989,1,Voice,Advertiser,Account Access,1,5,537,0.0,Positive,2025-04-29,0.2171838045382896,0,Bajo
115,0,Email,User,Page Management,0,3,721,0.0,Negative,2025-04-01,0.22088539573762012,0,Bajo
710,0,Chat,Business Page,Ad Billing,1,4,833,0.0,Negative,2025-04-19,0.19602542799035017,0,Bajo
3100,0,Chat,User,Content Violation,1,5,699,0.0,Positive,2025-04-02,0.18125891316015605,0,Bajo
2447,1,Email,Business Page,Content Violation,1,4,746,0.0,Negative,2025-04-26,0.17654990955382285,0,Bajo
5865,0,Chat,Advertiser,General Support,1,2,500,0.0,Negative,2025-04-06,0.211369180874237,0,Bajo
9702,0,Chat,Business Page,Page Management,1,4,508,0.0,Neutral,2025-04-26,0.18850916739965426,0,Bajo
50,1,Chat,User,Page Management,1,3,868,0.0,Positive,2025-04-28,0.18822186950280012,0,Bajo
6651,0,Chat,User,Ad Billing,1,4,547,0.0,Neutral,2025-04-10,0.20165616509625728,0,Bajo
5159,0,Voice,Advertiser,Page Management,1,4,634,0.0,Neutral,2025-04-24,0.20071446528704442,0,Bajo
9174,0,Chat,Business Page,Page Management,1,5,479,0.0,Positive,2025-04-21,0.18941796008813414,0,Bajo
5383,1,Email,Advertiser,Content Violation,1,1,717,0.0,Negative,2025-04-19,0.19478366512679068,0,Bajo
7480,0,Chat,User,Account Access,1,5,673,0.0,Negative,2025-04-15,0.20918156360681583,0,Bajo
7022,0,Email,Advertiser,Page Management,1,4,597,0.0,Neutral,2025-04-12,0.19821082519116703,0,Bajo
9780,1,Chat,Advertiser,Page Management,1,2,683,0.0,Negative,2025-04-02,0.21067317756986195,0,Bajo
1716,0,Chat,User,General Support,1,4,545,0.0,Neutral,2025-04-05,0.2015671749183181,0,Bajo
418,0,Email,User,General Support,0,5,588,0.0,Negative,2025-04-15,0.21725750921490794,0,Bajo
6421,1,Email,Advertiser,Page Management,0,4,591,0.0,Neutral,2025-04-01,0.19544297802460542,0,Bajo
3333,0,Voice,Business Page,General Support,1,3,411,0.0,Neutral,2025-04-19,0.2092352265270151,0,Bajo
4177,0,Chat,Business Page,Account Access,1,3,637,0.0,Negative,2025-04-11,0.21084463437277712,0,Bajo
5987,0,Chat,Advertiser,General Support,1,4,742,0.0,Negative,2025-04-08,0.20418161457713693,0,Bajo
7360,0,Chat,User,Account Access,0,5,431,0.0,Negative,2025-04-08,0.21606985276386254,0,Bajo
13,0,Email,Advertiser,Page Management,1,5,778,0.0,Negative,2025-04-05,0.20909467927972636,0,Bajo
1558,1,Chat,Advertiser,Page Management,1,5,461,0.0,Negative,2025-04-07,0.20297494728476104,0,Bajo
9856,1,Voice,Advertiser,Account Access,1,1,701,0.0,Negative,2025-04-04,0.20637882229085663,0,Bajo
5898,0,Chat,Business Page,General Support,0,5,685,0.0,Neutral,2025-04-01,0.18376301781280632,0,Bajo
2102,0,Voice,Business Page,Page Management,1,3,594,0.0,Neutral,2025-04-12,0.210636452119649,0,Bajo
3494,0,Voice,Advertiser,Account Access,1,3,712,0.0,Negative,2025-04-07,0.21495134534469035,0,Bajo
5988,1,Chat,User,Page Management,0,5,535,0.0,Negative,2025-04-10,0.21265390655172164,0,Bajo
1088,1,Chat,Advertiser,General Support,1,5,568,0.0,Neutral,2025-04-01,0.19282869986870005,0,Bajo
7713,0,Email,Business Page,Page Management,0,4,616,0.0,Negative,2025-04-21,0.20537104534546408,0,Bajo
6727,0,Chat,Advertiser,General Support,1,4,574,0.0,Positive,2025-04-07,0.19200347786251679,0,Bajo
8095,0,Chat,Advertiser,Account Access,1,4,384,0.0,Negative,2025-04-25,0.21891151132433428,0,Bajo
6638,0,Chat,User,Ad Billing,1,5,552,0.0,Neutral,2025-04-07,0.20003251944139863,0,Bajo
8163,0,Chat,Business Page,General Support,0,3,737,0.0,Negative,2025-04-14,0.20410812696181105,0,Bajo
6928,0,Chat,Advertiser,General Support,0,5,503,0.0,Positive,2025-04-06,0.18868030140836015,0,Bajo
8506,0,Email,User,Page Management,1,5,430,0.0,Negative,2025-04-17,0.21353894157166384,0,Bajo
7159,1,Chat,User,Ad Billing,1,3,613,0.0,Negative,2025-04-16,0.21654222976424128,0,Bajo
5866,0,Voice,User,Ad Billing,0,4,686,0.0,Positive,2025-04-28,0.20117195227716872,0,Bajo
6785,0,Email,Advertiser,Content Violation,1,5,509,0.0,Positive,2025-04-28,0.18899024700744646,0,Bajo
8774,0,Email,Advertiser,Content Violation,1,5,608,0.0,Neutral,2025-04-22,0.17679529245456782,0,Bajo
9813,0,Chat,User,General Support,0,5,800,0.0,Negative,2025-04-05,0.21645693723019124,0,Bajo
198,0,Chat,Advertiser,Ad Billing,1,4,586,526.71,Neutral,2025-04-09,0.1950416500601434,0,Bajo
7157,0,Chat,Business Page,Content Violation,1,3,636,0.0,Positive,2025-04-22,0.18413003270425796,0,Bajo
4681,1,Chat,Business Page,Ad Billing,0,4,776,0.0,Neutral,2025-04-01,0.17558713569522238,0,Bajo
2560,0,Email,Business Page,General Support,0,5,681,0.0,Positive,2025-04-29,0.18313874956446866,0,Bajo
3208,1,Email,User,Account Access,1,1,698,0.0,Positive,2025-04-10,0.207484433689352,0,Bajo
9130,0,Email,Business Page,General Support,1,1,643,0.0,Negative,2025-04-27,0.20286546144816367,0,Bajo
1734,0,Email,Advertiser,Account Access,0,5,508,0.0,Neutral,2025-04-04,0.20193563191209865,0,Bajo
2506,0,Voice,User,Content Violation,0,4,629,0.0,Positive,2025-04-04,0.19089612474237352,0,Bajo
4984,0,Chat,Business Page,General Support,1,2,616,0.0,Neutral,2025-04-25,0.20166024725384796,0,Bajo
8605,0,Chat,Business Page,Content Violation,1,2,878,0.0,Positive,2025-04-12,0.2042539112759001,0,Bajo
2121,0,Chat,Advertiser,Ad Billing,0,2,615,741.84,Positive,2025-04-28,0.15864838953410182,0,Bajo
7821,0,Email,Business Page,Ad Billing,1,5,599,0.0,Positive,2025-04-05,0.19298093256605867,0,Bajo
2487,0,Email,User,Page Management,0,3,524,0.0,Neutral,2025-04-14,0.20468721189863737,0,Bajo
338,0,Chat,User,General Support,1,5,664,0.0,Negative,2025-04-14,0.21608328686021974,0,Bajo
6711,0,Voice,User,Content Violation,0,5,573,0.0,Positive,2025-04-21,0.20069305042929103,0,Bajo
7747,0,Chat,Business Page,Account Access,1,4,664,0.0,Neutral,2025-04-01,0.19386596945329554,0,Bajo
6228,1,Chat,User,General Support,1,5,646,0.0,Positive,2025-04-10,0.19195814320831192,0,Bajo
6057,0,Chat,User,Content Violation,0,2,518,0.0,Negative,2025-04-19,0.1955071970112285,0,Bajo
9882,0,Chat,User,Account Access,1,5,605,0.0,Positive,2025-04-11,0.20541405304632418,0,Bajo
8124,1,Voice,User,Content Violation,1,1,453,0.0,Neutral,2025-04-27,0.1952193588708357,0,Bajo
5586,0,Chat,User,Content Violation,1,2,484,0.0,Neutral,2025-04-08,0.18716133312271918,0,Bajo
706,0,Email,Advertiser,Content Violation,1,4,692,0.0,Neutral,2025-04-14,0.18365279515995656,0,Bajo
4345,0,Voice,User,General Support,1,3,749,0.0,Neutral,2025-04-03,0.20357443699981817,0,Bajo
9144,1,Chat,Business Page,Ad Billing,1,5,733,0.0,Positive,2025-04-28,0.18463693476998674,0,Bajo
3405,0,Email,Business Page,General Support,1,5,350,0.0,Neutral,2025-04-11,0.2034068979490388,0,Bajo
8014,0,Email,User,Page Management,1,1,318,0.0,Negative,2025-04-04,0.227254052169701,0,Bajo
8995,0,Chat,Business Page,General Support,1,4,564,0.0,Positive,2025-04-16,0.18828880307316934,0,Bajo
8215,1,Voice,Advertiser,Ad Billing,1,4,430,732.44,Negative,2025-04-02,0.2559230670798669,0,Bajo
5227,0,Voice,User,Ad Billing,0,1,756,0.0,Positive,2025-04-01,0.20294722276860316,0,Bajo
5412,0,Email,Advertiser,General Support,0,5,688,0.0,Positive,2025-04-23,0.18510717694508808,0,Bajo
3235,0,Chat,Business Page,Account Access,1,4,592,0.0,Negative,2025-04-23,0.21002305226463236,0,Bajo
6140,0,Email,Advertiser,Page Management,0,4,471,0.0,Negative,2025-04-24,0.20771664341863919,0,Bajo
1048,0,Email,Advertiser,Page Management,0,4,591,0.0,Negative,2025-04-11,0.2040107287124356,0,Bajo
1420,0,Email,User,Ad Billing,1,5,663,0.0,Positive,2025-04-15,0.19881005530969628,0,Bajo
5942,0,Chat,Business Page,Account Access,1,4,684,0.0,Neutral,2025-04-17,0.1930379164628773,0,Bajo
764,0,Chat,Advertiser,Content Violation,0,4,368,0.0,Positive,2025-04-15,0.21104895411617422,0,Bajo
5231,0,Email,Business Page,Ad Billing,1,4,584,0.0,Negative,2025-04-22,0.2075836304383535,0,Bajo
8317,1,Voice,User,Page Management,1,1,703,0.0,Positive,2025-04-19,0.2213080184486781,0,Bajo
7985,0,Chat,Business Page,Page Management,1,1,879,0.0,Negative,2025-04-23,0.2108393608367886,0,Bajo
9392,1,Chat,User,General Support,1,3,556,0.0,Negative,2025-04-25,0.22399045888895874,0,Bajo
8374,0,Chat,User,Content Violation,1,5,846,0.0,Positive,2025-04-14,0.1724671748376624,0,Bajo
9414,0,Email,Business Page,Account Access,1,4,560,0.0,Neutral,2025-04-12,0.19367882311855125,0,Bajo
1192,0,Email,Business Page,Page Management,1,5,669,0.0,Negative,2025-04-10,0.2081988392504756,0,Bajo
3118,1,Chat,User,Content Violation,1,4,450,0.0,Negative,2025-04-17,0.19558671092698218,0,Bajo
6222,0,Voice,User,General Support,1,5,663,0.0,Positive,2025-04-07,0.19957867847955243,0,Bajo
6345,0,Chat,Business Page,Content Violation,1,5,746,0.0,Negative,2025-04-03,0.17378923852720113,0,Bajo
1588,0,Voice,User,General Support,1,5,693,0.0,Negative,2025-04-15,0.21232007151151508,0,Bajo
3606,0,Chat,Advertiser,General Support,0,5,591,0.0,Negative,2025-04-26,0.19652038678113093,0,Bajo
6958,0,Email,Business Page,Page Management,0,5,662,0.0,Negative,2025-04-08,0.20761305536107777,0,Bajo
7594,0,Chat,Business Page,Account Access,1,4,606,0.0,Positive,2025-04-23,0.19579860005938635,0,Bajo
1229,0,Email,Advertiser,Account Access,0,5,394,0.0,Neutral,2025-04-23,0.20372114673547898,0,Bajo
1202,0,Chat,Business Page,General Support,1,4,621,0.0,Positive,2025-04-16,0.1863009326916277,0,Bajo
1113,0,Email,User,Account Access,0,4,644,0.0,Negative,2025-04-02,0.2140149147037073,0,Bajo
7312,0,Chat,Business Page,Ad Billing,1,4,859,0.0,Neutral,2025-04-24,0.16819526779500577,0,Bajo
3863,1,Email,Business Page,Content Violation,0,4,776,0.0,Negative,2025-04-01,0.1810296023720722,0,Bajo
2013,0,Email,Advertiser,Page Management,1,3,575,0.0,Neutral,2025-04-22,0.20319224643277942,0,Bajo
8558,1,Voice,Advertiser,Account Access,1,5,653,0.0,Negative,2025-04-06,0.21157184165713458,0,Bajo
5338,0,Chat,Advertiser,Ad Billing,1,5,502,97.6,Neutral,2025-04-18,0.19555139260348142,0,Bajo
899,1,Email,User,Page Management,1,4,722,0.0,Positive,2025-04-03,0.20056373518129797,0,Bajo
9177,0,Email,Business Page,General Support,0,5,364,0.0,Positive,2025-04-09,0.20445804049249225,0,Bajo
2672,0,Email,User,Content Violation,1,5,436,0.0,Positive,2025-04-09,0.19123105007562402,0,Bajo
4164,0,Email,Business Page,Account Access,1,4,696,0.0,Neutral,2025-04-23,0.19591289702450376,0,Bajo
9550,0,Voice,Business Page,General Support,1,4,338,0.0,Positive,2025-04-02,0.21535363784042139,0,Bajo
4997,0,Email,User,General Support,0,4,429,0.0,Negative,2025-04-22,0.2224696009871421,0,Bajo
9804,0,Chat,Business Page,Page Management,1,1,775,0.0,Negative,2025-04-24,0.20797874139047798,0,Bajo
5485,0,Chat,Advertiser,Content Violation,1,4,390,0.0,Negative,2025-04-02,0.19734590254928647,0,Bajo
1659,0,Email,Business Page,Page Management,1,5,658,0.0,Positive,2025-04-14,0.1980687009661416,0,Bajo
562,1,Chat,Advertiser,Page Management,1,1,627,0.0,Negative,2025-04-06,0.1973543311982374,0,Bajo
3952,0,Email,Business Page,Content Violation,1,5,539,0.0,Neutral,2025-04-22,0.16788373878022161,0,Bajo
3367,0,Chat,Business Page,General Support,1,5,512,0.0,Neutral,2025-04-05,0.18874529144496585,0,Bajo
4434,0,Email,Business Page,Content Violation,1,4,934,0.0,Positive,2025-04-14,0.16472796225663225,0,Bajo
1864,0,Chat,User,Account Access,1,4,388,0.0,Positive,2025-04-19,0.20735570733412234,0,Bajo
4937,0,Email,User,Content Violation,1,4,598,0.0,Negative,2025-04-15,0.18803653124913433,0,Bajo
5784,0,Voice,Business Page,General Support,1,3,679,0.0,Neutral,2025-04-27,0.1981519877466618,0,Bajo
5317,0,Voice,Advertiser,Ad Billing,1,5,726,64.94,Neutral,2025-04-28,0.19469215914876187,0,Bajo
5952,0,Email,Business Page,Ad Billing,0,2,366,0.0,Positive,2025-04-24,0.1944919820922158,0,Bajo
995,0,Email,Advertiser,General Support,0,4,549,0.0,Positive,2025-04-04,0.19393610791159788,0,Bajo
7301,1,Email,User,Page Management,1,4,770,0.0,Negative,2025-04-15,0.2163087642774555,0,Bajo
3460,0,Email,Advertiser,Account Access,0,5,699,0.0,Neutral,2025-04-25,0.19783081104009492,0,Bajo
2239,1,Email,Business Page,Ad Billing,0,4,662,0.0,Neutral,2025-04-10,0.18367436631313086,0,Bajo
6936,0,Email,Business Page,Ad Billing,1,5,473,0.0,Positive,2025-04-12,0.18986508982832442,0,Bajo
1400,1,Chat,Business Page,Content Violation,1,4,610,0.0,Positive,2025-04-01,0.18398705262734164,0,Bajo
9731,0,Chat,Business Page,Content Violation,0,3,659,0.0,Negative,2025-04-22,0.1815315423113725,0,Bajo
6787,1,Chat,User,Page Management,1,4,630,0.0,Positive,2025-04-11,0.19383865143970852,0,Bajo
1645,0,Voice,Business Page,Page Management,0,2,581,0.0,Positive,2025-04-22,0.22076880729956808,0,Bajo
2206,0,Email,Advertiser,Account Access,1,2,428,0.0,Neutral,2025-04-15,0.19945693078118956,0,Bajo
3256,0,Voice,User,Content Violation,0,5,674,0.0,Negative,2025-04-26,0.1907368201605036,0,Bajo
325,0,Chat,Advertiser,Content Violation,1,5,662,0.0,Neutral,2025-04-24,0.17722942018152119,0,Bajo
1763,1,Chat,Business Page,Page Management,0,5,653,0.0,Positive,2025-04-02,0.18609867214563713,0,Bajo
5711,0,Voice,Business Page,Ad Billing,1,5,568,0.0,Negative,2025-04-14,0.2054608679187824,0,Bajo
7065,0,Chat,User,Ad Billing,1,5,650,0.0,Negative,2025-04-22,0.21021102881405346,0,Bajo
9347,0,Voice,User,General Support,0,5,765,0.0,Neutral,2025-04-25,0.19918324842206478,0,Bajo
3817,0,Email,User,Account Access,1,4,530,0.0,Positive,2025-04-05,0.20681111737980176,0,Bajo
3406,0,Chat,Business Page,Account Access,1,3,703,0.0,Neutral,2025-04-11,0.1959732909767107,0,Bajo
6618,0,Chat,Advertiser,General Support,1,5,525,0.0,Positive,2025-04-12,0.19211441230706877,0,Bajo
975,0,Chat,Business Page,Content Violation,1,4,592,0.0,Neutral,2025-04-24,0.1687712009780055,0,Bajo
4582,0,Chat,Business Page,Content Violation,1,2,551,0.0,Negative,2025-04-27,0.18862818417290264,0,Bajo
3946,0,Email,User,Ad Billing,1,5,661,0.0,Negative,2025-04-02,0.21210037620033653,0,Bajo
3620,1,Chat,Advertiser,Page Management,1,2,720,0.0,Negative,2025-04-14,0.2112301925834436,0,Bajo
7835,0,Email,Business Page,Page Management,0,5,758,0.0,Negative,2025-04-07,0.2078025209750332,0,Bajo
7023,0,Chat,Business Page,Content Violation,1,5,724,0.0,Negative,2025-04-28,0.17237988239078147,0,Bajo
5542,0,Email,User,Ad Billing,1,5,684,0.0,Neutral,2025-04-16,0.19677751086942286,0,Bajo
8879,0,Chat,User,Content Violation,1,5,672,0.0,Positive,2025-04-03,0.18163073486988046,0,Bajo
1958,1,Chat,User,General Support,1,1,544,0.0,Positive,2025-04-24,0.1975494197780701,0,Bajo
6758,0,Voice,Advertiser,Page Management,1,3,547,0.0,Positive,2025-04-16,0.22019102625368897,0,Bajo
9585,0,Chat,Business Page,Ad Billing,1,4,568,0.0,Negative,2025-04-01,0.20282407316958528,0,Bajo
2215,0,Chat,User,Content Violation,0,5,573,0.0,Negative,2025-04-24,0.18631565106988424,0,Bajo
9912,0,Chat,User,Account Access,1,4,311,0.0,Negative,2025-04-27,0.2524473277390236,0,Bajo
2635,0,Voice,Business Page,Ad Billing,1,5,730,0.0,Negative,2025-04-21,0.20162517702901792,0,Bajo
7240,0,Chat,User,Content Violation,0,4,457,0.0,Negative,2025-04-14,0.19433101807890507,0,Bajo
4017,0,Email,Advertiser,Page Management,1,4,542,0.0,Positive,2025-04-07,0.20496359015831847,0,Bajo
5332,0,Chat,Business Page,Ad Billing,0,5,816,0.0,Negative,2025-04-07,0.1920971669794557,0,Bajo
6975,0,Chat,Advertiser,Content Violation,1,4,615,0.0,Neutral,2025-04-15,0.18278621286765223,0,Bajo
832,0,Chat,Business Page,General Support,1,1,729,0.0,Positive,2025-04-05,0.18956364919433644,0,Bajo
4021,0,Voice,Advertiser,Content Violation,0,1,849,0.0,Negative,2025-04-08,0.20431180259041135,0,Bajo
7768,0,Chat,Business Page,Account Access,1,4,823,0.0,Positive,2025-04-11,0.1764370153313089,0,Bajo
6622,1,Chat,Business Page,Ad Billing,0,2,599,0.0,Positive,2025-04-11,0.1878860611079745,0,Bajo
7227,0,Email,Business Page,Account Access,0,5,729,0.0,Neutral,2025-04-28,0.1889890852725946,0,Bajo
9960,0,Email,User,Ad Billing,1,3,559,0.0,Neutral,2025-04-13,0.20294623538361978,0,Bajo
4283,0,Voice,Advertiser,Content Violation,1,5,749,0.0,Positive,2025-04-08,0.1874836255685571,0,Bajo
9602,0,Chat,User,Ad Billing,0,5,695,0.0,Positive,2025-04-08,0.19063959518274226,0,Bajo
6557,0,Chat,Business Page,Content Violation,0,4,343,0.0,Positive,2025-04-29,0.2052652079257086,0,Bajo
5624,1,Voice,User,General Support,1,5,473,0.0,Positive,2025-04-13,0.2111376520894929,0,Bajo
2503,0,Voice,Business Page,General Support,1,1,615,0.0,Negative,2025-04-08,0.21170536509266863,0,Bajo
8952,0,Chat,Advertiser,Account Access,1,2,626,0.0,Positive,2025-04-01,0.2004001053595356,0,Bajo
7688,0,Voice,Business Page,Content Violation,1,5,528,0.0,Neutral,2025-04-24,0.18608213920175945,0,Bajo
8366,1,Email,Advertiser,Account Access,1,4,503,0.0,Neutral,2025-04-11,0.1995798498535291,0,Bajo
3989,0,Chat,User,Page Management,1,5,358,0.0,Positive,2025-04-27,0.21206101610357736,0,Bajo
4448,0,Chat,Business Page,Ad Billing,1,5,634,0.0,Positive,2025-04-20,0.18892226355981853,0,Bajo
6714,0,Email,Business Page,Page Management,1,4,637,0.0,Neutral,2025-04-21,0.191647495283244,0,Bajo
2025,1,Chat,User,Page Management,1,4,670,0.0,Negative,2025-04-28,0.2138926598867712,0,Bajo
1010,0,Email,Advertiser,Content Violation,0,5,446,0.0,Positive,2025-04-13,0.19136465302949365,0,Bajo
3502,0,Chat,User,Page Management,1,4,760,0.0,Negative,2025-04-19,0.2126328552422023,0,Bajo
7508,0,Chat,Advertiser,General Support,1,4,459,0.0,Positive,2025-04-29,0.19342134947947753,0,Bajo
3124,0,Chat,Advertiser,Account Access,0,3,643,0.0,Negative,2025-04-10,0.20340023714126237,0,Bajo
3988,1,Chat,Business Page,Content Violation,0,4,537,0.0,Negative,2025-04-11,0.17906292021667977,0,Bajo
8477,0,Chat,Advertiser,Ad Billing,0,2,880,190.65,Positive,2025-04-06,0.19993223912613658,0,Bajo
3407,1,Chat,Advertiser,General Support,1,3,707,0.0,Neutral,2025-04-16,0.19644989720624806,0,Bajo
7047,0,Voice,Advertiser,Page Management,1,2,625,0.0,Positive,2025-04-24,0.21578803959231155,0,Bajo
4089,0,Chat,Advertiser,General Support,1,2,658,0.0,Positive,2025-04-12,0.19473008545163972,0,Bajo
3190,0,Chat,Advertiser,Ad Billing,1,3,548,760.56,Neutral,2025-04-05,0.16565187062927664,0,Bajo
4208,0,Chat,Business Page,Content Violation,1,1,424,0.0,Positive,2025-04-01,0.1934210597894135,0,Bajo
1417,0,Chat,Advertiser,General Support,0,3,700,0.0,Neutral,2025-04-14,0.19287315938824198,0,Bajo
3804,0,Chat,Advertiser,Page Management,1,4,615,0.0,Positive,2025-04-14,0.1941651958726257,0,Bajo
7149,0,Chat,Advertiser,Page Management,0,5,609,0.0,Positive,2025-04-26,0.18799179100388075,0,Bajo
3905,0,Email,Business Page,Page Management,1,4,656,0.0,Neutral,2025-04-01,0.20059965959371137,0,Bajo
8977,0,Voice,Business Page,Content Violation,1,5,595,0.0,Positive,2025-04-16,0.1890112935466872,0,Bajo
998,1,Chat,Business Page,Content Violation,1,4,490,0.0,Neutral,2025-04-09,0.17237135563311962,0,Bajo
1673,0,Chat,Advertiser,Content Violation,1,1,776,0.0,Positive,2025-04-03,0.2140176807848352,0,Bajo
3682,0,Email,Advertiser,Ad Billing,0,4,690,705.66,Positive,2025-04-15,0.16472426487626796,0,Bajo
7999,0,Chat,User,Content Violation,1,3,553,0.0,Neutral,2025-04-04,0.18582857793339497,0,Bajo
9234,0,Email,User,Account Access,1,3,614,0.0,Neutral,2025-04-18,0.2119427880847395,0,Bajo
4179,0,Voice,Advertiser,Page Management,1,4,632,0.0,Positive,2025-04-25,0.19964748484846828,0,Bajo
8707,0,Email,Business Page,Page Management,1,5,496,0.0,Positive,2025-04-03,0.19459222393010908,0,Bajo
1757,1,Chat,User,Account Access,1,4,603,0.0,Neutral,2025-04-10,0.20564577640950465,0,Bajo
3448,0,Chat,User,Page Management,1,5,587,0.0,Negative,2025-04-10,0.21469772910861798,0,Bajo
2175,0,Voice,Business Page,Content Violation,1,1,513,0.0,Negative,2025-04-09,0.19647675213720772,0,Bajo
7053,0,Chat,Business Page,Account Access,1,4,498,0.0,Negative,2025-04-29,0.2089073366683713,0,Bajo
6689,0,Voice,User,Page Management,0,1,529,0.0,Positive,2025-04-28,0.22353359537236378,0,Bajo
6566,0,Email,Advertiser,Ad Billing,0,3,410,787.44,Positive,2025-04-12,0.1703012508415033,0,Bajo
265,1,Email,Advertiser,Account Access,1,5,718,0.0,Negative,2025-04-23,0.20469790109186697,0,Bajo
1566,0,Email,User,Account Access,1,2,615,0.0,Neutral,2025-04-16,0.2127503349783507,0,Bajo
2691,0,Chat,Advertiser,Ad Billing,1,4,617,417.9,Positive,2025-04-29,0.1858536970256587,0,Bajo
3441,0,Chat,User,General Support,1,5,454,0.0,Neutral,2025-04-24,0.19727969953685967,0,Bajo
4775,0,Email,Business Page,Content Violation,1,3,698,0.0,Positive,2025-04-05,0.18659138846970358,0,Bajo
5132,0,Email,Business Page,Page Management,1,5,493,0.0,Neutral,2025-04-23,0.1900563981723177,0,Bajo
6099,1,Voice,Business Page,Page Management,1,4,634,0.0,Positive,2025-04-16,0.19845074419621986,0,Bajo
5733,0,Voice,User,Page Management,1,3,611,0.0,Positive,2025-04-17,0.22183313222102422,0,Bajo
6829,1,Chat,Advertiser,General Support,0,3,455,0.0,Negative,2025-04-29,0.20758124072459128,0,Bajo
6436,1,Chat,Advertiser,Page Management,0,4,707,0.0,Neutral,2025-04-23,0.19611175869976485,0,Bajo
9750,0,Chat,Advertiser,Page Management,0,5,597,0.0,Neutral,2025-04-27,0.18925753993542455,0,Bajo
3939,1,Chat,User,Account Access,1,2,445,0.0,Positive,2025-04-23,0.20942724250848577,0,Bajo
8932,0,Email,User,Ad Billing,1,4,622,0.0,Neutral,2025-04-08,0.19707148051504342,0,Bajo
7531,0,Voice,User,Ad Billing,1,4,509,0.0,Positive,2025-04-01,0.2211144166935782,0,Bajo
4687,0,Chat,Advertiser,Page Management,1,5,545,0.0,Positive,2025-04-05,0.19494206278977896,0,Bajo
4631,0,Chat,User,Ad Billing,0,4,386,0.0,Positive,2025-04-09,0.19459450167091522,0,Bajo
5712,0,Chat,Business Page,Account Access,1,4,602,0.0,Negative,2025-04-03,0.21002305226463236,0,Bajo
2233,0,Chat,Advertiser,Ad Billing,0,5,576,243.07,Neutral,2025-04-13,0.19179111829659207,0,Bajo
8304,0,Email,Business Page,Content Violation,1,5,672,0.0,Neutral,2025-04-20,0.16490076284580724,0,Bajo
4340,1,Email,Business Page,General Support,1,4,675,0.0,Negative,2025-04-16,0.206382931295787,0,Bajo
314,0,Email,Advertiser,Content Violation,1,5,676,0.0,Negative,2025-04-20,0.18414956312848332,0,Bajo
367,0,Chat,User,Ad Billing,1,5,809,0.0,Positive,2025-04-10,0.1868137634973981,0,Bajo
1134,0,Chat,User,Content Violation,0,5,767,0.0,Positive,2025-04-20,0.1858768992123441,0,Bajo
8890,0,Email,User,Account Access,1,2,718,0.0,Negative,2025-04-03,0.2171071386720402,0,Bajo
4110,0,Email,Business Page,Page Management,1,4,576,0.0,Positive,2025-04-22,0.19748257651738968,0,Bajo
5224,0,Email,User,General Support,1,2,522,0.0,Positive,2025-04-09,0.19888411547504473,0,Bajo
9948,0,Voice,User,General Support,1,4,609,0.0,Neutral,2025-04-21,0.2035725824233417,0,Bajo
384,0,Chat,Business Page,Account Access,0,5,494,0.0,Neutral,2025-04-03,0.1966778100621056,0,Bajo
9323,1,Email,Advertiser,Ad Billing,1,5,724,935.55,Positive,2025-04-04,0.07408056287563144,0,Bajo
4371,0,Chat,Business Page,General Support,1,5,742,0.0,Negative,2025-04-16,0.20354437153227053,0,Bajo
7187,1,Email,Advertiser,Account Access,1,2,619,0.0,Neutral,2025-04-14,0.20257856852609282,0,Bajo
649,0,Chat,Business Page,General Support,1,5,547,0.0,Positive,2025-04-17,0.18716471511841176,0,Bajo
4212,0,Chat,Business Page,Account Access,0,5,581,0.0,Positive,2025-04-18,0.19249687327453383,0,Bajo
4670,0,Chat,User,Ad Billing,1,3,680,0.0,Negative,2025-04-24,0.21124039487109633,0,Bajo
8776,0,Chat,Business Page,Page Management,1,5,731,0.0,Neutral,2025-04-21,0.187963083499769,0,Bajo
9727,0,Email,User,Account Access,0,3,556,0.0,Positive,2025-04-18,0.21119985414053846,0,Bajo
4902,0,Voice,Business Page,Account Access,1,5,724,0.0,Negative,2025-04-10,0.2041298195510773,0,Bajo
4593,0,Voice,Advertiser,General Support,1,5,677,0.0,Negative,2025-04-11,0.2017865877906332,0,Bajo
4169,1,Chat,User,Account Access,1,4,596,0.0,Positive,2025-04-04,0.20559746937550966,0,Bajo
8284,0,Chat,Advertiser,General Support,1,4,701,0.0,Positive,2025-04-12,0.18755077172172469,0,Bajo
4469,0,Voice,Business Page,Page Management,1,4,471,0.0,Neutral,2025-04-01,0.2042144682395087,0,Bajo
2373,0,Email,User,Ad Billing,1,5,556,0.0,Neutral,2025-04-16,0.19969148608742657,0,Bajo
6694,0,Chat,Advertiser,Ad Billing,1,4,685,996.12,Negative,2025-04-22,0.19928316190474724,0,Bajo
1578,0,Chat,Business Page,General Support,1,4,780,0.0,Neutral,2025-04-29,0.18539242807320314,0,Bajo
8618,0,Chat,Advertiser,Account Access,0,5,480,0.0,Neutral,2025-04-20,0.20475210902832447,0,Bajo
6836,0,Chat,User,Ad Billing,1,3,714,0.0,Neutral,2025-04-28,0.19609125545599684,0,Bajo
4945,0,Email,User,Ad Billing,0,5,714,0.0,Positive,2025-04-19,0.18913649263457624,0,Bajo
7385,0,Chat,Advertiser,Page Management,0,3,559,0.0,Neutral,2025-04-04,0.19747277929575804,0,Bajo
214,0,Voice,User,Page Management,1,5,430,0.0,Negative,2025-04-09,0.2173619394625541,0,Bajo
9460,1,Voice,Advertiser,Content Violation,1,2,539,0.0,Neutral,2025-04-07,0.21416120105955008,0,Bajo
4891,0,Chat,Business Page,Content Violation,1,3,551,0.0,Positive,2025-04-05,0.1874868265376174,0,Bajo
6160,0,Voice,Advertiser,Ad Billing,1,4,661,111.22,Neutral,2025-04-26,0.1979249542597675,0,Bajo
3341,1,Chat,Advertiser,Ad Billing,1,4,626,372.89,Neutral,2025-04-20,0.195333050975399,0,Bajo
2502,0,Chat,Advertiser,Content Violation,1,5,681,0.0,Positive,2025-04-20,0.17948909299811672,0,Bajo
9672,1,Chat,Business Page,Account Access,1,4,468,0.0,Negative,2025-04-28,0.20992137699494112,0,Bajo
46,0,Chat,User,General Support,0,4,598,0.0,Negative,2025-04-05,0.2121135774817816,0,Bajo
8769,0,Email,Advertiser,General Support,1,4,536,0.0,Positive,2025-04-14,0.19953141172741476,0,Bajo
3960,0,Voice,User,Ad Billing,1,4,535,0.0,Neutral,2025-04-16,0.21665704549493126,0,Bajo
502,0,Voice,Business Page,Account Access,1,5,608,0.0,Neutral,2025-04-23,0.19983432488934458,0,Bajo
5652,0,Voice,Business Page,General Support,1,3,582,0.0,Positive,2025-04-11,0.2032546821894052,0,Bajo
5947,0,Chat,User,General Support,0,4,502,0.0,Neutral,2025-04-01,0.2024297603531072,0,Bajo
408,0,Email,Advertiser,Account Access,1,3,520,0.0,Positive,2025-04-05,0.20218156255354836,0,Bajo
149,1,Email,Business Page,Page Management,1,4,571,0.0,Negative,2025-04-12,0.20873001755137485,0,Bajo
8286,0,Voice,User,Ad Billing,1,3,471,0.0,Negative,2025-04-26,0.225005793027902,0,Bajo
8674,0,Chat,Advertiser,General Support,0,3,652,0.0,Neutral,2025-04-04,0.19142364450764895,0,Bajo
5259,0,Chat,Advertiser,Page Management,0,3,540,0.0,Negative,2025-04-26,0.20698023706699237,0,Bajo
7504,0,Chat,Business Page,General Support,0,4,666,0.0,Positive,2025-04-25,0.18101136878615415,0,Bajo
500,1,Voice,Business Page,Ad Billing,0,4,582,0.0,Positive,2025-04-08,0.19563732815850607,0,Bajo
1211,0,Voice,User,Page Management,1,3,496,0.0,Negative,2025-04-29,0.22894538181131477,0,Bajo
1968,0,Chat,User,Account Access,1,5,731,0.0,Neutral,2025-04-12,0.19637128214341143,0,Bajo
1341,0,Email,User,Account Access,1,5,582,0.0,Negative,2025-04-16,0.21698617251744426,0,Bajo
165,0,Chat,Business Page,Page Management,1,5,679,0.0,Neutral,2025-04-18,0.19062065563757868,0,Bajo
7122,0,Chat,Business Page,Page Management,0,5,338,0.0,Neutral,2025-04-14,0.1948073009821542,0,Bajo
6908,0,Chat,User,General Support,1,1,611,0.0,Positive,2025-04-18,0.19830021793559377,0,Bajo
8871,0,Voice,Advertiser,Page Management,1,2,591,0.0,Positive,2025-04-13,0.22331234778272932,0,Bajo
9961,0,Chat,Advertiser,Content Violation,0,3,695,0.0,Neutral,2025-04-18,0.19028715526499718,0,Bajo
5729,0,Email,User,Ad Billing,1,4,548,0.0,Negative,2025-04-27,0.21396635884730048,0,Bajo
5436,0,Email,Business Page,Page Management,0,5,504,0.0,Neutral,2025-04-25,0.18993240578445203,0,Bajo
860,1,Voice,Business Page,Account Access,1,5,618,0.0,Positive,2025-04-05,0.20287750835129176,0,Bajo
1461,0,Email,Business Page,General Support,1,5,627,0.0,Negative,2025-04-17,0.205134849416298,0,Bajo
6490,0,Chat,Business Page,Content Violation,1,4,773,0.0,Neutral,2025-04-25,0.16513971671006578,0,Bajo
8733,0,Voice,User,Account Access,1,4,475,0.0,Negative,2025-04-04,0.22683949665670228,0,Bajo
1286,0,Email,User,Content Violation,1,3,592,0.0,Positive,2025-04-08,0.19656597031950318,0,Bajo
2242,0,Chat,Advertiser,Ad Billing,1,4,519,65.94,Positive,2025-04-25,0.19740527727656712,0,Bajo
5079,0,Email,Business Page,Page Management,1,4,535,0.0,Positive,2025-04-20,0.19588105882638782,0,Bajo
6513,0,Voice,Business Page,General Support,1,2,895,0.0,Negative,2025-04-10,0.22057990837838143,0,Bajo
5620,0,Chat,Advertiser,Content Violation,1,5,635,0.0,Negative,2025-04-04,0.1767868018004232,0,Bajo
4535,0,Voice,User,General Support,1,4,497,0.0,Positive,2025-04-28,0.20912153793763438,0,Bajo
1342,0,Email,Business Page,Content Violation,1,5,642,0.0,Neutral,2025-04-25,0.16233337793642805,0,Bajo
4168,0,Chat,User,Content Violation,0,3,532,0.0,Neutral,2025-04-14,0.18488771913178814,0,Bajo
8579,0,Chat,Advertiser,Content Violation,1,3,613,0.0,Neutral,2025-04-07,0.1900712966899605,0,Bajo
5188,0,Voice,Business Page,Account Access,0,2,514,0.0,Positive,2025-04-16,0.2117804153901979,0,Bajo
8270,0,Email,User,Account Access,0,5,585,0.0,Negative,2025-04-13,0.21826993683871357,0,Bajo
8807,1,Email,Advertiser,Account Access,1,2,411,0.0,Neutral,2025-04-23,0.20011688228848212,0,Bajo
6800,1,Email,User,Content Violation,1,5,742,0.0,Negative,2025-04-04,0.1872449857203175,0,Bajo
8023,0,Chat,Advertiser,Content Violation,1,4,627,0.0,Negative,2025-04-17,0.1792079780132732,0,Bajo
1091,0,Chat,User,Ad Billing,1,5,692,0.0,Positive,2025-04-26,0.19546391595740967,0,Bajo
2398,0,Chat,Advertiser,Account Access,0,3,675,0.0,Positive,2025-04-05,0.19386582655319923,0,Bajo
3067,0,Email,User,General Support,1,3,506,0.0,Positive,2025-04-19,0.1987938157373149,0,Bajo
4801,1,Chat,Business Page,Page Management,0,4,618,0.0,Negative,2025-04-15,0.19591225815371993,0,Bajo
2300,0,Chat,User,Account Access,0,4,696,0.0,Negative,2025-04-09,0.2048294982439903,0,Bajo
4368,0,Email,Advertiser,Content Violation,1,4,541,0.0,Positive,2025-04-25,0.19676247191001747,0,Bajo
2945,0,Voice,Advertiser,Account Access,1,1,624,0.0,Negative,2025-04-07,0.21075265972308388,0,Bajo
5050,1,Chat,User,Account Access,0,5,707,0.0,Neutral,2025-04-20,0.20092922765426616,0,Bajo
7440,0,Email,Advertiser,General Support,1,1,509,0.0,Neutral,2025-04-11,0.19128694597471108,0,Bajo
6309,0,Chat,Advertiser,Account Access,1,1,515,0.0,Positive,2025-04-06,0.2018659994231574,0,Bajo
38,1,Chat,Advertiser,Account Access,0,5,682,0.0,Positive,2025-04-26,0.19217432961919276,0,Bajo
9154,0,Voice,Business Page,Account Access,1,4,722,0.0,Neutral,2025-04-09,0.1931189340842284,0,Bajo
2786,1,Chat,Advertiser,General Support,1,5,611,0.0,Positive,2025-04-26,0.18948996113331293,0,Bajo
1439,0,Email,Business Page,Content Violation,0,3,569,0.0,Neutral,2025-04-24,0.17605633150810224,0,Bajo
6473,0,Chat,User,Ad Billing,0,2,438,0.0,Negative,2025-04-21,0.21079397010668807,0,Bajo
1216,0,Email,Advertiser,General Support,1,3,451,0.0,Negative,2025-04-16,0.2133390446363719,0,Bajo
9077,1,Email,Advertiser,Content Violation,1,5,494,0.0,Negative,2025-04-16,0.19550312120502059,0,Bajo
9847,0,Chat,Business Page,Account Access,0,3,844,0.0,Positive,2025-04-09,0.1718078674969181,0,Bajo
5906,0,Email,Business Page,Ad Billing,1,5,766,0.0,Positive,2025-04-26,0.18614199415073318,0,Bajo
9088,0,Email,Business Page,Ad Billing,1,5,557,0.0,Negative,2025-04-23,0.20296626430072431,0,Bajo
9719,0,Email,Advertiser,General Support,1,3,562,0.0,Neutral,2025-04-01,0.20114763349197137,0,Bajo
1679,0,Email,Business Page,Content Violation,0,3,520,0.0,Neutral,2025-04-21,0.17694054261965414,0,Bajo
3918,0,Email,Business Page,General Support,1,5,580,0.0,Positive,2025-04-26,0.1992042811096815,0,Bajo
6533,0,Chat,Business Page,Page Management,1,2,668,0.0,Neutral,2025-04-08,0.20321881262087813,0,Bajo
8499,0,Email,Advertiser,Page Management,1,2,697,0.0,Neutral,2025-04-01,0.2130345896578816,0,Bajo
4007,0,Voice,User,Page Management,1,5,597,0.0,Positive,2025-04-22,0.2142361207229835,0,Bajo
662,0,Chat,User,Page Management,1,2,689,0.0,Negative,2025-04-09,0.21962396144944013,0,Bajo
3332,0,Chat,Business Page,Account Access,1,5,925,0.0,Positive,2025-04-23,0.18574552499406502,0,Bajo
3314,0,Voice,Business Page,Page Management,1,4,496,0.0,Positive,2025-04-12,0.21080084879100727,0,Bajo
905,0,Chat,User,Content Violation,1,4,564,0.0,Negative,2025-04-16,0.19170032266415762,0,Bajo
7727,0,Email,User,Account Access,1,3,520,0.0,Negative,2025-04-07,0.22366401846286504,0,Bajo
4450,0,Email,Business Page,Content Violation,0,3,514,0.0,Positive,2025-04-11,0.18379267006745278,0,Bajo
2055,0,Chat,User,Ad Billing,1,5,604,0.0,Negative,2025-04-12,0.2107833947405655,0,Bajo
5549,0,Chat,Advertiser,Page Management,0,4,525,0.0,Neutral,2025-04-04,0.19525833657242017,0,Bajo
6564,0,Chat,Business Page,Ad Billing,1,5,413,0.0,Positive,2025-04-01,0.18826246059984644,0,Bajo
7632,0,Email,Advertiser,Content Violation,1,5,526,0.0,Positive,2025-04-08,0.18899024700744646,0,Bajo
8069,0,Email,Business Page,Account Access,1,5,645,0.0,Negative,2025-04-10,0.2057757679663581,0,Bajo
3267,0,Email,User,Account Access,1,3,582,0.0,Neutral,2025-04-13,0.2107294822439097,0,Bajo
4948,0,Email,Business Page,Content Violation,0,1,457,0.0,Neutral,2025-04-01,0.17428439793959677,0,Bajo
2971,0,Chat,Business Page,Account Access,1,3,699,0.0,Positive,2025-04-29,0.19608584561284026,0,Bajo
6478,0,Chat,Advertiser,Ad Billing,0,4,599,233.22,Neutral,2025-04-16,0.18828654526993285,0,Bajo
8063,0,Chat,Business Page,Content Violation,0,5,475,0.0,Negative,2025-04-02,0.18141006781431945,0,Bajo
3402,0,Email,Business Page,Page Management,1,5,597,0.0,Positive,2025-04-12,0.19650686539931642,0,Bajo
5444,1,Chat,Advertiser,General Support,0,5,574,0.0,Positive,2025-04-19,0.1851690068034001,0,Bajo
2641,0,Chat,Advertiser,Content Violation,0,2,653,0.0,Neutral,2025-04-08,0.19446176930976888,0,Bajo
7236,1,Chat,Advertiser,Ad Billing,1,2,463,388.7,Positive,2025-04-07,0.18988250891847078,0,Bajo
2705,0,Email,Advertiser,Account Access,1,5,697,0.0,Positive,2025-04-24,0.20101504892145158,0,Bajo
9182,0,Voice,User,Ad Billing,1,4,615,0.0,Positive,2025-04-11,0.2117922963855892,0,Bajo
770,0,Voice,Business Page,Page Management,1,5,468,0.0,Negative,2025-04-23,0.20836022656188397,0,Bajo
7426,0,Email,Business Page,Account Access,0,5,695,0.0,Positive,2025-04-28,0.19255950124369842,0,Bajo
4263,0,Chat,User,Content Violation,1,5,769,0.0,Neutral,2025-04-13,0.18163452662836965,0,Bajo
1597,1,Chat,Advertiser,Ad Billing,1,5,796,181.62,Neutral,2025-04-12,0.19609722279485406,0,Bajo
1007,1,Chat,User,Page Management,1,2,575,0.0,Neutral,2025-04-24,0.202446644289482,0,Bajo
2322,0,Chat,Business Page,Ad Billing,1,3,422,0.0,Neutral,2025-04-28,0.18862140060065852,0,Bajo
1344,0,Voice,User,Ad Billing,1,2,668,0.0,Neutral,2025-04-08,0.2088207803492737,0,Bajo
9715,0,Voice,Advertiser,Content Violation,1,4,672,0.0,Positive,2025-04-24,0.18923918420919256,0,Bajo
6449,0,Email,Business Page,Account Access,1,4,619,0.0,Positive,2025-04-03,0.19386748177635107,0,Bajo
8490,0,Voice,User,Ad Billing,1,4,584,0.0,Neutral,2025-04-07,0.2128328390555366,0,Bajo
4956,0,Chat,Business Page,Account Access,1,2,383,0.0,Neutral,2025-04-01,0.20382412006995204,0,Bajo
7518,1,Voice,Advertiser,Page Management,0,5,737,0.0,Positive,2025-04-19,0.19701335570948406,0,Bajo
5683,0,Chat,Business Page,Ad Billing,1,4,845,0.0,Neutral,2025-04-21,0.17222963349427256,0,Bajo
969,1,Voice,Advertiser,Content Violation,1,4,663,0.0,Positive,2025-04-29,0.190645632748064,0,Bajo
278,0,Email,Business Page,Account Access,1,3,429,0.0,Positive,2025-04-21,0.1993391006124318,0,Bajo
2476,0,Voice,Business Page,Ad Billing,1,4,797,0.0,Positive,2025-04-02,0.18576488700393742,0,Bajo
2393,0,Chat,User,Account Access,1,3,778,0.0,Positive,2025-04-21,0.19187376310220744,0,Bajo
4355,0,Chat,Advertiser,General Support,0,5,615,0.0,Neutral,2025-04-03,0.18553113833913695,0,Bajo
9031,0,Voice,User,Ad Billing,1,5,780,0.0,Neutral,2025-04-25,0.1954682040424264,0,Bajo
9384,0,Email,Advertiser,Ad Billing,0,5,731,912.35,Positive,2025-04-17,0.18764181574594072,0,Bajo
8941,0,Voice,User,General Support,1,4,623,0.0,Neutral,2025-04-08,0.19988757242186259,0,Bajo
2042,0,Chat,Advertiser,Ad Billing,0,3,677,992.77,Positive,2025-04-03,0.07151980634316993,0,Bajo
4908,0,Voice,User,General Support,1,4,374,0.0,Positive,2025-04-26,0.22204344052671293,0,Bajo
67,0,Chat,Advertiser,Page Management,1,5,605,0.0,Neutral,2025-04-25,0.19384510379282008,0,Bajo
8422,0,Chat,Business Page,Account Access,1,2,708,0.0,Neutral,2025-04-21,0.1961893746364512,0,Bajo
1360,1,Voice,User,Content Violation,1,5,638,0.0,Negative,2025-04-03,0.18567058609295378,0,Bajo
3703,0,Email,Advertiser,Account Access,0,5,497,0.0,Negative,2025-04-06,0.2120086746090736,0,Bajo
4809,0,Chat,User,Account Access,0,5,671,0.0,Positive,2025-04-25,0.19789453051680475,0,Bajo
5350,0,Chat,User,Ad Billing,1,5,461,0.0,Positive,2025-04-01,0.1992062657929434,0,Bajo
9917,0,Chat,Business Page,Account Access,1,4,595,0.0,Neutral,2025-04-25,0.19561670964301506,0,Bajo
2547,0,Email,Business Page,Content Violation,1,4,279,0.0,Negative,2025-04-20,0.17818587073275252,0,Bajo
7443,0,Chat,User,Content Violation,1,2,335,0.0,Neutral,2025-04-22,0.2083377371569086,0,Bajo
9418,1,Email,Advertiser,Page Management,1,5,595,0.0,Positive,2025-04-18,0.1992785290183802,0,Bajo
6005,0,Chat,Business Page,Page Management,1,5,675,0.0,Neutral,2025-04-16,0.19062065563757868,0,Bajo
7059,0,Chat,Business Page,Account Access,1,4,594,0.0,Positive,2025-04-29,0.19517806418022843,0,Bajo
4988,0,Voice,Advertiser,General Support,1,5,722,0.0,Neutral,2025-04-24,0.1911791235263426,0,Bajo
3843,0,Voice,Business Page,Page Management,0,4,711,0.0,Negative,2025-04-21,0.20045013321276128,0,Bajo
732,0,Email,Business Page,Account Access,1,4,1028,0.0,Neutral,2025-04-01,0.2556669163384034,0,Bajo
9587,0,Voice,User,Account Access,1,4,709,0.0,Positive,2025-04-01,0.21220177799605358,0,Bajo
8700,0,Chat,Business Page,General Support,1,1,469,0.0,Positive,2025-04-24,0.19048075918262858,0,Bajo
6428,0,Chat,Business Page,General Support,0,5,492,0.0,Neutral,2025-04-18,0.18785160931049746,0,Bajo
1742,0,Email,Advertiser,Content Violation,1,4,543,0.0,Positive,2025-04-08,0.19676247191001747,0,Bajo
9978,0,Email,Advertiser,Ad Billing,1,3,429,895.27,Neutral,2025-04-20,0.12408332141216621,0,Bajo
4299,0,Email,Business Page,Account Access,0,5,698,0.0,Neutral,2025-04-04,0.19284328380479385,0,Bajo
5328,0,Chat,Business Page,Content Violation,1,3,558,0.0,Neutral,2025-04-04,0.1737216979567637,0,Bajo
9824,0,Chat,Business Page,Account Access,1,4,556,0.0,Negative,2025-04-19,0.2094141252261112,0,Bajo
8934,0,Voice,Business Page,Content Violation,0,4,553,0.0,Negative,2025-04-20,0.1866152397647901,0,Bajo
8255,0,Chat,Advertiser,Page Management,1,1,422,0.0,Neutral,2025-04-16,0.1909924981881252,0,Bajo
9739,0,Voice,User,Page Management,1,4,692,0.0,Negative,2025-04-20,0.2143290664851957,0,Bajo
1871,1,Email,Advertiser,Page Management,1,4,584,0.0,Negative,2025-04-29,0.21309845290977947,0,Bajo
9648,0,Email,User,Account Access,0,5,583,0.0,Neutral,2025-04-04,0.21111707216384015,0,Bajo
6004,0,Voice,User,Content Violation,0,2,623,0.0,Neutral,2025-04-12,0.19321855576610167,0,Bajo
4361,0,Email,Business Page,Account Access,0,3,625,0.0,Neutral,2025-04-08,0.19498926412311893,0,Bajo
7914,0,Chat,Advertiser,Page Management,1,3,638,0.0,Positive,2025-04-18,0.1921594678011602,0,Bajo
9235,0,Email,Advertiser,Ad Billing,1,5,683,9.6,Positive,2025-04-23,0.18937344202975953,0,Bajo
7519,0,Email,Business Page,General Support,1,2,600,0.0,Neutral,2025-04-07,0.20005427959596964,0,Bajo
8797,0,Chat,User,Page Management,1,4,569,0.0,Negative,2025-04-02,0.2159789803667119,0,Bajo
3401,0,Voice,User,General Support,0,2,476,0.0,Negative,2025-04-16,0.23375252426398582,0,Bajo
2205,0,Chat,User,Page Management,1,5,600,0.0,Negative,2025-04-13,0.2128239682114545,0,Bajo
4155,0,Chat,User,General Support,0,4,523,0.0,Positive,2025-04-24,0.19594645342926992,0,Bajo
8350,0,Chat,User,Page Management,1,2,591,0.0,Neutral,2025-04-13,0.20136974928601667,0,Bajo
8525,0,Chat,User,General Support,1,3,1027,0.0,Neutral,2025-04-08,0.2660983635914084,0,Bajo
20,0,Chat,Business Page,Page Management,0,5,646,0.0,Positive,2025-04-26,0.18505668447229354,0,Bajo
9671,1,Chat,Advertiser,Content Violation,1,1,669,0.0,Neutral,2025-04-14,0.19543397232882997,0,Bajo
4650,0,Chat,Advertiser,Page Management,0,4,510,0.0,Positive,2025-04-21,0.1937575042726984,0,Bajo
5991,1,Chat,User,General Support,1,5,687,0.0,Positive,2025-04-02,0.1891920225227508,0,Bajo
8473,0,Chat,User,Page Management,0,4,536,0.0,Positive,2025-04-23,0.201846200843717,0,Bajo
4806,0,Chat,User,Ad Billing,1,5,729,0.0,Positive,2025-04-05,0.19206288432698626,0,Bajo
3127,0,Chat,Business Page,Ad Billing,1,5,654,0.0,Neutral,2025-04-04,0.18992575101721662,0,Bajo
5791,1,Chat,User,Account Access,1,3,433,0.0,Neutral,2025-04-19,0.2055548469240513,0,Bajo
1611,0,Chat,User,Content Violation,0,5,536,0.0,Positive,2025-04-06,0.1905441995250606,0,Bajo
1911,0,Chat,Advertiser,Ad Billing,1,4,657,328.39,Neutral,2025-04-23,0.2090297114400307,0,Bajo
9859,0,Email,Business Page,Ad Billing,0,5,462,0.0,Neutral,2025-04-02,0.1814052979278333,0,Bajo
2142,1,Chat,Business Page,Ad Billing,0,2,810,0.0,Positive,2025-04-18,0.18238084903602705,0,Bajo
1775,1,Email,Advertiser,Page Management,1,2,476,0.0,Negative,2025-04-07,0.21817062662912215,0,Bajo
5027,0,Chat,Advertiser,Ad Billing,1,5,526,138.68,Neutral,2025-04-26,0.1970690645102003,0,Bajo
8155,0,Email,User,Account Access,1,5,654,0.0,Negative,2025-04-10,0.21560296124657935,0,Bajo
8631,1,Chat,Advertiser,Ad Billing,1,3,514,306.34,Positive,2025-04-25,0.20566697906091552,0,Bajo
1877,0,Chat,Advertiser,Ad Billing,0,5,697,971.24,Negative,2025-04-02,0.1761459453247906,0,Bajo
6025,0,Chat,Business Page,Content Violation,1,4,447,0.0,Neutral,2025-04-15,0.17122094837823418,0,Bajo
7625,1,Voice,User,General Support,0,5,640,0.0,Neutral,2025-04-24,0.19976322025078816,0,Bajo
1045,0,Email,Business Page,Page Management,1,5,429,0.0,Neutral,2025-04-17,0.19296539682138486,0,Bajo
1200,0,Chat,User,Content Violation,1,4,428,0.0,Negative,2025-04-25,0.19739574853748898,0,Bajo
9181,0,Chat,User,Account Access,0,4,674,0.0,Negative,2025-04-24,0.2043617754104692,0,Bajo
8538,0,Email,User,Account Access,1,4,641,0.0,Negative,2025-04-13,0.2107486998698369,0,Bajo
3018,0,Chat,Business Page,Page Management,1,5,309,0.0,Neutral,2025-04-09,0.21234117003295258,0,Bajo
1470,0,Email,User,General Support,1,4,556,0.0,Neutral,2025-04-26,0.20525847126939362,0,Bajo
741,0,Chat,Advertiser,General Support,0,5,565,0.0,Negative,2025-04-26,0.2015811330428202,0,Bajo
8421,0,Chat,Business Page,Page Management,0,5,872,0.0,Neutral,2025-04-27,0.17501017025591284,0,Bajo
8000,1,Chat,User,General Support,0,4,737,0.0,Positive,2025-04-23,0.18669417282615466,0,Bajo
4099,0,Voice,Business Page,Ad Billing,1,4,560,0.0,Positive,2025-04-26,0.2037036914309108,0,Bajo
9167,0,Chat,Business Page,Account Access,1,4,648,0.0,Negative,2025-04-09,0.20753905241895226,0,Bajo
2152,0,Chat,User,Ad Billing,1,4,649,0.0,Neutral,2025-04-10,0.1997626463886574,0,Bajo
1138,0,Email,User,Page Management,1,3,664,0.0,Negative,2025-04-20,0.22723738045499411,0,Bajo
6611,1,Email,User,Content Violation,0,4,715,0.0,Positive,2025-04-23,0.1820016171113489,0,Bajo
8659,1,Chat,User,General Support,0,4,759,0.0,Positive,2025-04-20,0.1922492011552624,0,Bajo
4236,1,Email,Advertiser,Account Access,1,5,871,0.0,Negative,2025-04-05,0.19215002322222186,0,Bajo
1738,0,Email,User,Ad Billing,1,4,463,0.0,Neutral,2025-04-26,0.1983851484464509,0,Bajo
1181,0,Chat,User,Account Access,1,5,727,0.0,Neutral,2025-04-26,0.19668426551765308,0,Bajo
7141,0,Voice,Business Page,Account Access,1,5,547,0.0,Neutral,2025-04-28,0.20494441356046147,0,Bajo
1522,1,Voice,Advertiser,Account Access,1,2,573,0.0,Negative,2025-04-11,0.22169318964616022,0,Bajo
9242,1,Chat,Business Page,Page Management,0,5,488,0.0,Neutral,2025-04-07,0.18502863478781115,0,Bajo
6471,1,Email,Business Page,Ad Billing,1,4,520,0.0,Positive,2025-04-13,0.19312295780005373,0,Bajo
2246,0,Email,Business Page,General Support,0,5,534,0.0,Negative,2025-04-25,0.20868339564263322,0,Bajo
909,0,Chat,User,General Support,0,5,522,0.0,Negative,2025-04-02,0.22117739387622204,0,Bajo
4762,0,Chat,Business Page,General Support,0,4,746,0.0,Negative,2025-04-08,0.19874368155024585,0,Bajo
8786,0,Chat,Advertiser,Content Violation,1,5,604,0.0,Positive,2025-04-23,0.18178587973465946,0,Bajo
3674,0,Chat,Business Page,Account Access,1,4,782,0.0,Negative,2025-04-02,0.20031526699378904,0,Bajo
8402,0,Chat,User,Page Management,1,5,427,0.0,Neutral,2025-04-29,0.19562883043290252,0,Bajo
4201,0,Chat,User,General Support,1,3,584,0.0,Neutral,2025-04-24,0.20192594938298575,0,Bajo
8671,0,Email,Business Page,General Support,1,2,470,0.0,Negative,2025-04-14,0.21018096150878368,0,Bajo
1161,0,Chat,Business Page,Ad Billing,1,5,660,0.0,Positive,2025-04-13,0.1897397826307602,0,Bajo
916,0,Email,Business Page,Page Management,1,4,538,0.0,Negative,2025-04-08,0.20735177985249045,0,Bajo
6877,0,Chat,Advertiser,General Support,1,5,487,0.0,Neutral,2025-04-21,0.19409779946084846,0,Bajo
7321,0,Chat,Advertiser,Account Access,1,3,699,0.0,Negative,2025-04-10,0.21153098800170908,0,Bajo
2636,0,Email,Business Page,Account Access,1,4,670,0.0,Negative,2025-04-13,0.20616606032270346,0,Bajo
4415,0,Email,Advertiser,Ad Billing,1,2,396,485.07,Negative,2025-04-07,0.22783724440752628,0,Bajo
5071,0,Email,User,Ad Billing,1,4,616,0.0,Positive,2025-04-18,0.20121476852676085,0,Bajo
1164,0,Chat,User,Content Violation,1,4,595,0.0,Positive,2025-04-09,0.18812272642380334,0,Bajo
4898,0,Chat,User,Ad Billing,1,3,607,0.0,Negative,2025-04-21,0.21470549501050354,0,Bajo
1492,0,Email,Business Page,General Support,1,5,468,0.0,Negative,2025-04-22,0.20713956852204196,0,Bajo
5941,0,Chat,Business Page,Ad Billing,0,3,699,0.0,Neutral,2025-04-05,0.18330962112432642,0,Bajo
5207,0,Chat,User,Account Access,1,5,456,0.0,Negative,2025-04-12,0.21905910210951343,0,Bajo
8106,0,Chat,Advertiser,Ad Billing,0,1,580,705.7,Neutral,2025-04-20,0.1589993167858023,0,Bajo
8395,0,Chat,Business Page,Page Management,1,5,573,0.0,Positive,2025-04-12,0.19238526966517805,0,Bajo
7677,0,Email,Business Page,Account Access,0,5,310,0.0,Neutral,2025-04-14,0.23675066177507756,0,Bajo
9808,0,Chat,Advertiser,General Support,1,3,600,0.0,Neutral,2025-04-01,0.1970346646776569,0,Bajo
6685,1,Chat,User,General Support,1,5,726,0.0,Neutral,2025-04-05,0.19278496939125847,0,Bajo
6033,0,Chat,Advertiser,Page Management,1,4,475,0.0,Negative,2025-04-13,0.20494925212315188,0,Bajo
5279,0,Voice,User,Account Access,1,4,439,0.0,Negative,2025-04-17,0.22545504264441546,0,Bajo
6615,0,Chat,Advertiser,Content Violation,1,3,663,0.0,Negative,2025-04-14,0.19166903170668423,0,Bajo
1458,0,Voice,Business Page,Page Management,0,5,560,0.0,Neutral,2025-04-12,0.19769957751294626,0,Bajo
6196,1,Voice,User,Ad Billing,0,1,418,0.0,Positive,2025-04-13,0.2083550661817358,0,Bajo
4544,0,Chat,Advertiser,Ad Billing,1,5,513,420.41,Positive,2025-04-29,0.19282955529453413,0,Bajo
169,0,Chat,Business Page,Page Management,1,2,609,0.0,Negative,2025-04-03,0.21769284927145738,0,Bajo
2723,0,Chat,Business Page,Page Management,1,4,606,0.0,Neutral,2025-04-08,0.19144971247724585,0,Bajo
2664,0,Email,User,General Support,1,5,571,0.0,Positive,2025-04-02,0.19950138109696372,0,Bajo
6924,0,Email,Business Page,Page Management,0,5,462,0.0,Negative,2025-04-22,0.2011810593608002,0,Bajo
9566,0,Voice,Business Page,Content Violation,1,4,554,0.0,Neutral,2025-04-03,0.1850830421935104,0,Bajo
9285,0,Chat,Business Page,General Support,0,5,654,0.0,Positive,2025-04-28,0.18087767049215153,0,Bajo
5320,1,Chat,Business Page,Ad Billing,1,4,551,0.0,Negative,2025-04-07,0.2030148065440379,0,Bajo
9473,1,Chat,Advertiser,Ad Billing,1,5,354,340.99,Negative,2025-04-13,0.22086481199148986,0,Bajo
452,0,Chat,Advertiser,Ad Billing,1,5,448,305.69,Neutral,2025-04-26,0.21144937076525921,0,Bajo
7545,0,Chat,Advertiser,Account Access,1,5,670,0.0,Negative,2025-04-14,0.20703379845186556,0,Bajo
7993,0,Email,Advertiser,Account Access,1,5,722,0.0,Negative,2025-04-12,0.20469790109186697,0,Bajo
1638,0,Chat,Business Page,Content Violation,1,4,608,0.0,Negative,2025-04-25,0.17463659302021384,0,Bajo
9367,0,Chat,User,Ad Billing,0,3,801,0.0,Neutral,2025-04-21,0.1865870277511159,0,Bajo
3198,1,Voice,Advertiser,Page Management,0,3,636,0.0,Positive,2025-04-17,0.200924509964281,0,Bajo
3386,0,Chat,Business Page,Page Management,1,5,595,0.0,Negative,2025-04-03,0.20160503301298616,0,Bajo
6010,0,Chat,Advertiser,Account Access,1,5,819,0.0,Neutral,2025-04-23,0.19405301618866255,0,Bajo
3685,0,Chat,Advertiser,General Support,1,5,484,0.0,Neutral,2025-04-29,0.19409779946084846,0,Bajo
7942,0,Email,Advertiser,Page Management,1,4,623,0.0,Neutral,2025-04-04,0.1966154881863745,0,Bajo
1915,0,Voice,User,Account Access,1,5,719,0.0,Neutral,2025-04-24,0.20340869655635466,0,Bajo
1051,0,Chat,Business Page,Page Management,1,5,478,0.0,Negative,2025-04-27,0.19904195842316003,0,Bajo
6837,0,Email,User,Ad Billing,1,4,897,0.0,Neutral,2025-04-04,0.18897710721325323,0,Bajo
841,0,Email,Business Page,Content Violation,1,4,602,0.0,Neutral,2025-04-25,0.16792137442968527,0,Bajo
3465,0,Voice,Advertiser,General Support,1,1,586,0.0,Positive,2025-04-06,0.2060182501498758,0,Bajo
8226,0,Voice,Advertiser,Account Access,1,2,688,0.0,Negative,2025-04-19,0.21317591534933794,0,Bajo
7458,0,Chat,User,Ad Billing,1,2,530,0.0,Negative,2025-04-07,0.2180740257562635,0,Bajo
4313,0,Voice,Advertiser,Content Violation,1,4,539,0.0,Neutral,2025-04-14,0.20080464803972814,0,Bajo
4795,0,Chat,User,Content Violation,1,5,663,0.0,Neutral,2025-04-14,0.17869064510186328,0,Bajo
8668,0,Voice,User,General Support,1,5,405,0.0,Positive,2025-04-26,0.21238378611132722,0,Bajo
5677,1,Chat,Business Page,Content Violation,1,4,521,0.0,Positive,2025-04-06,0.1836220865241479,0,Bajo
3475,0,Voice,Business Page,Ad Billing,0,5,639,0.0,Neutral,2025-04-17,0.18249961383233024,0,Bajo
1131,0,Chat,User,Page Management,1,2,563,0.0,Negative,2025-04-13,0.22269769327962707,0,Bajo
4081,1,Chat,Business Page,Account Access,0,5,462,0.0,Positive,2025-04-23,0.19563757157174028,0,Bajo
9969,0,Chat,User,Content Violation,1,5,523,0.0,Neutral,2025-04-21,0.17902416676235433,0,Bajo
2467,0,Chat,Advertiser,General Support,1,5,505,0.0,Positive,2025-04-03,0.19211441230706877,0,Bajo
7470,0,Voice,User,Account Access,1,3,546,0.0,Neutral,2025-04-27,0.22145900653517367,0,Bajo
2598,0,Email,Business Page,General Support,0,5,697,0.0,Negative,2025-04-07,0.20044626795397275,0,Bajo
8753,0,Chat,Advertiser,Content Violation,1,3,718,0.0,Negative,2025-04-28,0.1919009956935631,0,Bajo
8224,0,Chat,Business Page,Content Violation,0,2,614,0.0,Positive,2025-04-28,0.20130757454530385,0,Bajo
3687,0,Chat,Advertiser,Content Violation,0,4,477,0.0,Positive,2025-04-19,0.2037658513886452,0,Bajo
414,0,Email,Advertiser,Page Management,1,4,657,0.0,Positive,2025-04-17,0.20398257242336454,0,Bajo
5836,0,Chat,User,Page Management,1,5,593,0.0,Positive,2025-04-09,0.2001147351251328,0,Bajo
347,1,Chat,User,Ad Billing,1,3,595,0.0,Positive,2025-04-09,0.20102956566455568,0,Bajo
1268,1,Chat,Business Page,Account Access,1,5,679,0.0,Positive,2025-04-23,0.19301876636498935,0,Bajo
1534,1,Email,Business Page,Account Access,1,4,675,0.0,Positive,2025-04-20,0.19503119718489847,0,Bajo
2131,0,Email,Advertiser,General Support,1,5,588,0.0,Neutral,2025-04-25,0.1931865705464137,0,Bajo
1103,0,Chat,Business Page,Content Violation,1,3,690,0.0,Negative,2025-04-08,0.1817052242181776,0,Bajo
9640,0,Chat,Advertiser,Page Management,1,1,812,0.0,Positive,2025-04-08,0.20294979123715798,0,Bajo
9512,0,Voice,Advertiser,Ad Billing,0,5,373,292.82,Positive,2025-04-26,0.20282950733356744,0,Bajo
7851,1,Email,Business Page,General Support,1,5,658,0.0,Neutral,2025-04-13,0.19368215026064003,0,Bajo
4045,0,Chat,User,Content Violation,0,5,533,0.0,Positive,2025-04-22,0.190708273419081,0,Bajo
5669,1,Chat,Business Page,General Support,1,5,607,0.0,Negative,2025-04-05,0.20660062596319018,0,Bajo
1219,0,Chat,Business Page,Content Violation,1,4,859,0.0,Neutral,2025-04-02,0.15808915612824354,0,Bajo
1012,0,Chat,User,Content Violation,0,5,666,0.0,Neutral,2025-04-17,0.17359199104101677,0,Bajo
9319,1,Chat,User,Page Management,1,5,589,0.0,Negative,2025-04-05,0.21115845636090327,0,Bajo
1429,0,Voice,User,General Support,1,4,820,0.0,Negative,2025-04-23,0.20463677226759963,0,Bajo
3086,0,Email,Advertiser,Content Violation,0,4,856,0.0,Neutral,2025-04-29,0.17751199479054777,0,Bajo
2583,0,Email,Business Page,Page Management,0,5,516,0.0,Positive,2025-04-11,0.19301476429118014,0,Bajo
3404,0,Voice,Business Page,Page Management,0,5,512,0.0,Negative,2025-04-06,0.20872180424624803,0,Bajo
5021,0,Chat,Advertiser,Content Violation,0,5,570,0.0,Neutral,2025-04-27,0.17769339001508702,0,Bajo
5273,1,Email,Business Page,Account Access,0,4,634,0.0,Positive,2025-04-28,0.18981475311808674,0,Bajo
3748,0,Chat,Advertiser,Account Access,1,3,412,0.0,Negative,2025-04-23,0.22270551996241134,0,Bajo
6051,0,Voice,Advertiser,Account Access,0,4,582,0.0,Neutral,2025-04-06,0.20676418544873573,0,Bajo
2848,0,Voice,Business Page,Page Management,0,5,359,0.0,Negative,2025-04-22,0.21682934420776784,0,Bajo
4627,0,Voice,Advertiser,Content Violation,1,5,571,0.0,Negative,2025-04-02,0.19165338947468136,0,Bajo
6910,0,Chat,Advertiser,Content Violation,0,2,730,0.0,Neutral,2025-04-29,0.19476603002018295,0,Bajo
1022,0,Email,Advertiser,Page Management,1,4,619,0.0,Neutral,2025-04-18,0.19985226616214508,0,Bajo
6180,0,Email,User,General Support,1,3,646,0.0,Positive,2025-04-29,0.20161562052582813,0,Bajo
5030,1,Email,Advertiser,Content Violation,0,5,535,0.0,Neutral,2025-04-14,0.1871085838662028,0,Bajo
8874,0,Voice,User,Account Access,0,2,547,0.0,Neutral,2025-04-02,0.21745550504139818,0,Bajo
9613,0,Chat,User,Page Management,0,4,525,0.0,Negative,2025-04-24,0.21351743951180005,0,Bajo
1120,0,Chat,User,Ad Billing,1,4,641,0.0,Positive,2025-04-07,0.1957256894969452,0,Bajo
5690,0,Voice,User,Content Violation,1,4,498,0.0,Neutral,2025-04-08,0.20172015523305353,0,Bajo
8655,0,Chat,Business Page,Page Management,1,3,347,0.0,Neutral,2025-04-08,0.20053472977270395,0,Bajo
3324,0,Chat,User,Content Violation,1,5,750,0.0,Positive,2025-04-25,0.18046428980410367,0,Bajo
2067,0,Email,User,Account Access,1,5,560,0.0,Positive,2025-04-02,0.2059024394027791,0,Bajo
8802,1,Email,Business Page,Page Management,0,1,759,0.0,Negative,2025-04-08,0.21452970290711593,0,Bajo
759,0,Voice,Business Page,Content Violation,1,5,509,0.0,Negative,2025-04-29,0.1944528959374405,0,Bajo
3773,0,Chat,User,Ad Billing,1,3,373,0.0,Neutral,2025-04-09,0.20211931821402104,0,Bajo
9140,0,Chat,User,Content Violation,0,5,657,0.0,Neutral,2025-04-29,0.17611930429119285,0,Bajo
6420,0,Chat,Advertiser,Content Violation,1,5,452,0.0,Negative,2025-04-05,0.19028409245043218,0,Bajo
5830,0,Chat,User,Page Management,0,5,739,0.0,Neutral,2025-04-11,0.19773267093355157,0,Bajo
5033,0,Chat,Advertiser,Ad Billing,0,2,693,454.27,Negative,2025-04-04,0.18622732715740203,0,Bajo
6422,0,Chat,Advertiser,General Support,1,4,666,0.0,Neutral,2025-04-17,0.1919471249004472,0,Bajo
921,0,Chat,Advertiser,General Support,1,5,651,0.0,Neutral,2025-04-07,0.19248443916178234,0,Bajo
1036,0,Email,Business Page,Page Management,1,4,692,0.0,Neutral,2025-04-20,0.19839803271685277,0,Bajo
3929,1,Chat,User,Account Access,1,4,737,0.0,Positive,2025-04-14,0.19631542178707714,0,Bajo
3569,0,Chat,Advertiser,Ad Billing,1,5,615,708.55,Neutral,2025-04-01,0.1767486472607944,0,Bajo
790,0,Email,Business Page,Account Access,1,5,615,0.0,Neutral,2025-04-02,0.19604605771426753,0,Bajo
3694,0,Chat,Business Page,Content Violation,1,5,773,0.0,Neutral,2025-04-14,0.15944163241296158,0,Bajo
9075,0,Voice,Advertiser,General Support,1,5,596,0.0,Negative,2025-04-03,0.20379310378194596,0,Bajo
2575,1,Email,Advertiser,General Support,1,4,599,0.0,Neutral,2025-04-11,0.1961924494486376,0,Bajo
3793,0,Voice,Advertiser,Page Management,1,5,714,0.0,Neutral,2025-04-21,0.19948161102320944,0,Bajo
3624,0,Voice,Advertiser,Account Access,0,5,606,0.0,Neutral,2025-04-09,0.2054812353599743,0,Bajo
3508,0,Voice,Advertiser,Page Management,1,4,493,0.0,Neutral,2025-04-07,0.21399518711603566,0,Bajo
5528,0,Chat,Business Page,Content Violation,1,4,588,0.0,Negative,2025-04-22,0.1732767567962445,0,Bajo
9451,0,Email,Business Page,General Support,1,5,728,0.0,Neutral,2025-04-05,0.1861970082048358,0,Bajo
2762,1,Email,Business Page,Page Management,1,2,701,0.0,Neutral,2025-04-19,0.21107004235292637,0,Bajo
9169,0,Chat,Advertiser,Page Management,1,3,395,0.0,Negative,2025-04-28,0.21180534668907527,0,Bajo
2970,0,Chat,User,Ad Billing,1,5,406,0.0,Positive,2025-04-18,0.19841608251410367,0,Bajo
2486,1,Chat,Advertiser,Account Access,0,5,376,0.0,Positive,2025-04-21,0.20719242400142648,0,Bajo
1367,0,Chat,User,General Support,1,5,631,0.0,Neutral,2025-04-13,0.19523254830651496,0,Bajo
243,0,Email,Advertiser,Content Violation,1,5,629,0.0,Neutral,2025-04-20,0.17374762498329502,0,Bajo
6184,0,Chat,Advertiser,Content Violation,1,2,368,0.0,Negative,2025-04-02,0.20559536297601394,0,Bajo
2584,0,Chat,User,General Support,0,5,618,0.0,Negative,2025-04-04,0.20837062701389997,0,Bajo
7164,0,Email,User,Page Management,1,5,627,0.0,Negative,2025-04-07,0.20845639378615252,0,Bajo
1251,0,Chat,Business Page,Ad Billing,0,4,741,0.0,Negative,2025-04-09,0.19194720733815826,0,Bajo
4363,0,Email,Business Page,Ad Billing,1,5,492,0.0,Negative,2025-04-06,0.20348396906440774,0,Bajo
7808,0,Chat,Business Page,Page Management,1,4,538,0.0,Neutral,2025-04-04,0.18995632732863696,0,Bajo
1014,0,Voice,Business Page,Content Violation,0,2,645,0.0,Negative,2025-04-04,0.1883959215090588,0,Bajo
7770,0,Email,User,Account Access,1,5,706,0.0,Neutral,2025-04-06,0.20729189236836693,0,Bajo
3051,0,Voice,User,Account Access,1,5,523,0.0,Negative,2025-04-23,0.22896323017900871,0,Bajo
9781,0,Chat,Advertiser,Ad Billing,1,4,579,212.59,Neutral,2025-04-26,0.20320151292522076,0,Bajo
3871,0,Email,Business Page,Content Violation,1,5,632,0.0,Negative,2025-04-11,0.17266552666629645,0,Bajo
8702,0,Chat,User,Page Management,1,5,619,0.0,Positive,2025-04-28,0.19367782244278553,0,Bajo
4353,0,Email,User,Account Access,1,4,488,0.0,Negative,2025-04-13,0.2215853644136726,0,Bajo
3442,0,Voice,Business Page,General Support,1,4,735,0.0,Neutral,2025-04-14,0.18792779527131545,0,Bajo
3644,0,Voice,Advertiser,General Support,1,4,711,0.0,Negative,2025-04-03,0.20175195183567513,0,Bajo
1459,0,Voice,User,Ad Billing,1,2,396,0.0,Positive,2025-04-21,0.22496034178985916,0,Bajo
7638,1,Chat,Business Page,Page Management,1,3,799,0.0,Positive,2025-04-16,0.1881261474557496,0,Bajo
327,0,Email,Business Page,Account Access,1,2,389,0.0,Neutral,2025-04-26,0.19793457794287592,0,Bajo
2284,0,Voice,User,Ad Billing,0,5,773,0.0,Negative,2025-04-15,0.20672211733601484,0,Bajo
3974,0,Chat,Business Page,Account Access,1,5,646,0.0,Negative,2025-04-22,0.20644973786080806,0,Bajo
3455,0,Email,Advertiser,General Support,1,5,522,0.0,Negative,2025-04-12,0.21017666690254275,0,Bajo
599,0,Chat,Business Page,Page Management,0,4,709,0.0,Negative,2025-04-27,0.19912546466075035,0,Bajo
5074,0,Chat,Business Page,Page Management,1,5,519,0.0,Neutral,2025-04-15,0.18653201228288116,0,Bajo
4877,0,Chat,Advertiser,Content Violation,1,4,477,0.0,Positive,2025-04-18,0.1974472192203866,0,Bajo
4055,0,Chat,Business Page,General Support,1,4,834,0.0,Negative,2025-04-17,0.19769520243158767,0,Bajo
4474,1,Chat,User,Content Violation,1,3,505,0.0,Negative,2025-04-12,0.19764105946156724,0,Bajo
2820,1,Voice,Advertiser,General Support,1,3,489,0.0,Negative,2025-04-09,0.22429337856668066,0,Bajo
2839,0,Chat,User,Page Management,0,4,443,0.0,Negative,2025-04-15,0.2128573899800411,0,Bajo
5502,1,Voice,User,Content Violation,1,1,592,0.0,Neutral,2025-04-13,0.19199539590320308,0,Bajo
5419,0,Voice,Advertiser,Content Violation,1,4,736,0.0,Negative,2025-04-06,0.189969841367964,0,Bajo
8985,0,Chat,Advertiser,Account Access,1,3,664,0.0,Neutral,2025-04-08,0.20176441882493548,0,Bajo
1322,0,Voice,User,Account Access,1,5,740,0.0,Neutral,2025-04-12,0.2080008974593253,0,Bajo
5300,0,Chat,User,Page Management,1,3,497,0.0,Negative,2025-04-10,0.22107304883429282,0,Bajo
6116,0,Chat,User,General Support,1,4,704,0.0,Neutral,2025-04-06,0.19601995651326493,0,Bajo
1743,0,Email,Business Page,Ad Billing,1,2,421,0.0,Neutral,2025-04-23,0.19107360592516212,0,Bajo
9101,0,Email,Business Page,Content Violation,0,3,835,0.0,Positive,2025-04-16,0.17123030866068115,0,Bajo
590,0,Email,User,Page Management,0,4,759,0.0,Negative,2025-04-15,0.22203435120136197,0,Bajo
6969,0,Email,Advertiser,Page Management,1,1,584,0.0,Neutral,2025-04-06,0.20158809089763752,0,Bajo
398,0,Voice,Business Page,Content Violation,1,4,629,0.0,Neutral,2025-04-14,0.17560764161574835,0,Bajo
1783,0,Chat,User,Account Access,1,4,792,0.0,Neutral,2025-04-06,0.19116648936208322,0,Bajo
289,0,Chat,User,Page Management,1,5,440,0.0,Negative,2025-04-12,0.21542462618876196,0,Bajo
3423,0,Voice,Business Page,Account Access,0,2,633,0.0,Neutral,2025-04-14,0.19697092607016212,0,Bajo
248,1,Chat,User,Page Management,1,4,341,0.0,Positive,2025-04-03,0.21573037523811045,0,Bajo
493,0,Chat,Business Page,Content Violation,1,5,501,0.0,Neutral,2025-04-27,0.16767602932364456,0,Bajo
3571,0,Chat,User,Account Access,1,4,390,0.0,Positive,2025-04-14,0.20735570733412234,0,Bajo
7257,1,Voice,User,Ad Billing,1,5,582,0.0,Neutral,2025-04-14,0.2130838624556056,0,Bajo
9148,1,Chat,User,Account Access,0,4,750,0.0,Negative,2025-04-16,0.210255464178618,0,Bajo
9682,0,Chat,Advertiser,Account Access,0,5,560,0.0,Neutral,2025-04-08,0.20220737373264178,0,Bajo
150,1,Chat,Business Page,Account Access,1,1,617,0.0,Neutral,2025-04-12,0.19778554818955163,0,Bajo
6950,1,Chat,Advertiser,Ad Billing,1,2,696,54.9,Positive,2025-04-08,0.18995338310910395,0,Bajo
9398,0,Email,Advertiser,Page Management,0,3,517,0.0,Neutral,2025-04-06,0.20215436954476074,0,Bajo
799,0,Email,Business Page,Ad Billing,0,5,534,0.0,Positive,2025-04-23,0.18521062831130153,0,Bajo
6073,0,Email,User,Account Access,0,4,564,0.0,Neutral,2025-04-03,0.21098006113493487,0,Bajo
2522,0,Email,User,Account Access,1,4,515,0.0,Neutral,2025-04-01,0.20864563906154918,0,Bajo
2160,0,Email,User,General Support,0,4,668,0.0,Negative,2025-04-20,0.2184283426293126,0,Bajo
8693,0,Chat,Advertiser,Ad Billing,1,4,608,323.3,Negative,2025-04-29,0.21503947410615173,0,Bajo
5996,0,Chat,User,Content Violation,1,3,597,0.0,Neutral,2025-04-02,0.18271753212706582,0,Bajo
3619,0,Email,Advertiser,Ad Billing,1,5,828,595.69,Neutral,2025-04-13,0.18548627286806604,0,Bajo
6314,1,Email,Advertiser,General Support,1,3,487,0.0,Neutral,2025-04-18,0.2041020828377396,0,Bajo
5629,0,Chat,Advertiser,General Support,1,5,481,0.0,Negative,2025-04-18,0.2084004945235727,0,Bajo
6186,1,Chat,User,Account Access,1,4,733,0.0,Negative,2025-04-21,0.21061871407324037,0,Bajo
8054,0,Voice,Business Page,Content Violation,1,5,549,0.0,Positive,2025-04-11,0.1960879609391109,0,Bajo
7449,0,Email,Advertiser,Account Access,1,5,758,0.0,Negative,2025-04-10,0.20573363083190424,0,Bajo
1094,0,Chat,Business Page,Account Access,1,1,366,0.0,Neutral,2025-04-10,0.205392000215592,0,Bajo
2551,0,Chat,Business Page,Account Access,1,3,429,0.0,Negative,2025-04-03,0.2195706218584801,0,Bajo
1651,0,Chat,Business Page,Ad Billing,0,1,530,0.0,Positive,2025-04-05,0.19138013207924057,0,Bajo
3054,1,Email,Advertiser,Ad Billing,1,1,886,524.45,Neutral,2025-04-21,0.18542132830284447,0,Bajo
1726,1,Chat,User,General Support,1,3,526,0.0,Negative,2025-04-27,0.2244373810855064,0,Bajo
4743,0,Chat,User,Ad Billing,1,1,682,0.0,Neutral,2025-04-28,0.20378004067527897,0,Bajo
8240,0,Chat,Advertiser,Page Management,0,5,680,0.0,Negative,2025-04-27,0.19665535523828198,0,Bajo
5013,0,Chat,Advertiser,General Support,0,5,762,0.0,Neutral,2025-04-10,0.18494103771455217,0,Bajo
8637,0,Chat,User,Page Management,0,4,715,0.0,Negative,2025-04-08,0.20822616655099993,0,Bajo
5896,1,Chat,User,Account Access,1,4,686,0.0,Neutral,2025-04-08,0.19974781479201498,0,Bajo
6748,0,Voice,Business Page,Content Violation,0,3,688,0.0,Neutral,2025-04-10,0.1842171941802,0,Bajo
3160,0,Chat,User,Page Management,0,5,547,0.0,Positive,2025-04-02,0.2028005502994195,0,Bajo
1296,0,Chat,Advertiser,Content Violation,0,5,616,0.0,Neutral,2025-04-24,0.17531477229520667,0,Bajo
5506,1,Email,Advertiser,Account Access,1,4,759,0.0,Positive,2025-04-12,0.1981120642796792,0,Bajo
3410,0,Email,Advertiser,Account Access,1,2,454,0.0,Positive,2025-04-16,0.20278912520403555,0,Bajo
4964,1,Chat,User,Content Violation,1,4,674,0.0,Positive,2025-04-20,0.1868497282507475,0,Bajo
9925,1,Voice,Advertiser,General Support,0,5,549,0.0,Neutral,2025-04-10,0.2018339550414077,0,Bajo
3027,0,Chat,Business Page,Content Violation,1,3,575,0.0,Positive,2025-04-17,0.18652827404939892,0,Bajo
1447,0,Email,User,Account Access,1,5,642,0.0,Negative,2025-04-24,0.20913075928006195,0,Bajo
889,0,Email,Business Page,Account Access,1,4,366,0.0,Positive,2025-04-22,0.2072582132157926,0,Bajo
2917,0,Chat,Advertiser,Ad Billing,0,5,591,409.17,Neutral,2025-04-04,0.17607183049117558,0,Bajo
1594,0,Email,Advertiser,General Support,1,3,515,0.0,Negative,2025-04-27,0.21337818694044278,0,Bajo
4641,0,Chat,User,Content Violation,0,2,540,0.0,Neutral,2025-04-16,0.18311235516786814,0,Bajo
5661,1,Voice,Advertiser,General Support,0,4,443,0.0,Positive,2025-04-05,0.2047094955823806,0,Bajo
8003,0,Email,User,Account Access,1,4,616,0.0,Neutral,2025-04-17,0.20796784869085377,0,Bajo
5920,0,Chat,User,Account Access,1,5,510,0.0,Neutral,2025-04-24,0.20643075155454307,0,Bajo
7941,0,Voice,Business Page,Ad Billing,0,3,803,0.0,Neutral,2025-04-27,0.17871246724615847,0,Bajo
6602,0,Voice,User,Ad Billing,1,1,507,0.0,Positive,2025-04-01,0.2219877500213997,0,Bajo
5441,0,Chat,User,Ad Billing,0,5,549,0.0,Positive,2025-04-16,0.19886628771905074,0,Bajo
6575,0,Chat,Business Page,Ad Billing,0,3,786,0.0,Neutral,2025-04-28,0.17626962273190697,0,Bajo
3714,0,Chat,Business Page,General Support,1,4,597,0.0,Neutral,2025-04-10,0.19004713486410293,0,Bajo
9417,0,Email,Advertiser,General Support,1,3,802,0.0,Negative,2025-04-09,0.21286983519498778,0,Bajo
2658,0,Email,Business Page,Page Management,1,4,505,0.0,Neutral,2025-04-29,0.19142355636613964,0,Bajo
5795,0,Email,Advertiser,Ad Billing,0,5,552,532.23,Positive,2025-04-14,0.18498803716235732,0,Bajo
5639,1,Email,Advertiser,Page Management,1,3,713,0.0,Negative,2025-04-24,0.2158278202778686,0,Bajo
4280,1,Chat,Business Page,Account Access,0,3,562,0.0,Negative,2025-04-20,0.21010726940095106,0,Bajo
4610,1,Email,Business Page,Account Access,1,4,672,0.0,Positive,2025-04-26,0.19466286783982492,0,Bajo
9080,1,Chat,Advertiser,Account Access,0,5,472,0.0,Neutral,2025-04-28,0.20650525099125663,0,Bajo
4870,0,Voice,User,Account Access,1,5,605,0.0,Neutral,2025-04-14,0.21162771683956041,0,Bajo
3636,0,Chat,Business Page,Content Violation,1,5,705,0.0,Neutral,2025-04-29,0.16457504780203208,0,Bajo
2201,0,Voice,Business Page,Content Violation,0,4,644,0.0,Positive,2025-04-06,0.18512653701341364,0,Bajo
7786,0,Voice,User,Content Violation,0,5,515,0.0,Neutral,2025-04-27,0.1978265437969471,0,Bajo
4173,0,Chat,Business Page,Ad Billing,0,3,628,0.0,Positive,2025-04-26,0.18018497302873482,0,Bajo
8886,1,Chat,User,Page Management,1,3,726,0.0,Positive,2025-04-08,0.19785247806914716,0,Bajo
6315,0,Email,Business Page,General Support,1,5,594,0.0,Negative,2025-04-24,0.20799742473233235,0,Bajo
5250,0,Email,User,Ad Billing,0,3,491,0.0,Negative,2025-04-28,0.21423628869191505,0,Bajo
661,0,Chat,Business Page,Ad Billing,1,5,447,0.0,Positive,2025-04-01,0.18651473923527584,0,Bajo
9718,0,Voice,Advertiser,Ad Billing,0,2,615,935.54,Negative,2025-04-12,0.157125460446404,0,Bajo
2090,0,Email,User,Ad Billing,1,4,648,0.0,Positive,2025-04-24,0.19952111926953545,0,Bajo
4703,0,Chat,Advertiser,Account Access,1,4,498,0.0,Negative,2025-04-04,0.21445194364248774,0,Bajo
6539,0,Email,Business Page,Content Violation,1,3,550,0.0,Negative,2025-04-03,0.1848598652238467,0,Bajo
5,0,Chat,Business Page,Account Access,1,5,530,0.0,Negative,2025-04-01,0.20731901241589432,0,Bajo
8021,0,Chat,Advertiser,Content Violation,0,5,665,0.0,Negative,2025-04-07,0.17884558398559053,0,Bajo
1829,0,Email,User,Content Violation,1,4,584,0.0,Neutral,2025-04-15,0.18404483074456635,0,Bajo
8133,1,Email,Advertiser,Account Access,1,5,628,0.0,Positive,2025-04-13,0.19720005765815055,0,Bajo
7904,0,Email,User,Content Violation,0,5,663,0.0,Neutral,2025-04-19,0.1785695794479189,0,Bajo
3956,0,Chat,Business Page,Content Violation,1,4,695,0.0,Neutral,2025-04-03,0.17120254163093848,0,Bajo
8411,0,Email,User,Ad Billing,1,5,550,0.0,Negative,2025-04-17,0.21216749552754324,0,Bajo
7493,1,Email,Business Page,Content Violation,1,5,605,0.0,Positive,2025-04-20,0.1772963246899213,0,Bajo
5173,0,Voice,Business Page,Account Access,1,5,445,0.0,Neutral,2025-04-23,0.2075331859977685,0,Bajo
9357,0,Chat,Business Page,Ad Billing,0,4,736,0.0,Neutral,2025-04-26,0.17534203121068878,0,Bajo
6334,0,Email,Advertiser,Content Violation,0,4,486,0.0,Neutral,2025-04-19,0.19721117019692264,0,Bajo
8766,0,Email,User,Account Access,1,5,451,0.0,Positive,2025-04-17,0.20702475311839788,0,Bajo
8828,0,Chat,User,Content Violation,0,5,744,0.0,Neutral,2025-04-27,0.17368550720617865,0,Bajo
2260,0,Chat,Advertiser,Ad Billing,1,4,722,767.66,Neutral,2025-04-22,0.15988623404439578,0,Bajo
5872,0,Email,Business Page,Page Management,0,4,590,0.0,Negative,2025-04-17,0.20387751659046116,0,Bajo
3573,0,Chat,User,General Support,0,5,648,0.0,Negative,2025-04-13,0.21057273217986033,0,Bajo
7771,1,Voice,Advertiser,General Support,1,4,537,0.0,Neutral,2025-04-05,0.20977336386072246,0,Bajo
753,1,Voice,User,Content Violation,1,2,782,0.0,Negative,2025-04-21,0.21532491509269233,0,Bajo
44,0,Voice,Business Page,Content Violation,1,5,668,0.0,Neutral,2025-04-02,0.17728685212515896,0,Bajo
7888,0,Email,Advertiser,Content Violation,0,4,637,0.0,Neutral,2025-04-15,0.18286490533730712,0,Bajo
1628,0,Email,User,Ad Billing,0,5,544,0.0,Positive,2025-04-28,0.19826838883212328,0,Bajo
7015,0,Email,Advertiser,Content Violation,1,5,715,0.0,Negative,2025-04-11,0.1827004183331384,0,Bajo
6458,1,Voice,User,General Support,0,4,641,0.0,Neutral,2025-04-08,0.19974030758857,0,Bajo
4183,1,Chat,Business Page,Ad Billing,1,5,685,0.0,Positive,2025-04-19,0.18861984000044352,0,Bajo
8589,0,Chat,Advertiser,Page Management,1,4,575,0.0,Negative,2025-04-07,0.20324795741159232,0,Bajo
9823,1,Chat,User,General Support,1,5,551,0.0,Negative,2025-04-29,0.22526706084095707,0,Bajo
417,0,Chat,Business Page,Page Management,1,5,687,0.0,Negative,2025-04-20,0.2027093067174449,0,Bajo
8949,0,Chat,Advertiser,Account Access,0,3,758,0.0,Neutral,2025-04-07,0.19475150024561955,0,Bajo
9962,1,Voice,Business Page,Ad Billing,1,5,557,0.0,Positive,2025-04-04,0.20443935721263629,0,Bajo
5810,0,Voice,Advertiser,Content Violation,0,5,675,0.0,Positive,2025-04-22,0.18519261418219699,0,Bajo
8627,0,Chat,User,Page Management,1,5,644,0.0,Neutral,2025-04-14,0.19687823222649606,0,Bajo
3808,0,Chat,Advertiser,Page Management,1,3,404,0.0,Positive,2025-04-20,0.1967759548241335,0,Bajo
1052,0,Voice,Advertiser,Account Access,1,3,629,0.0,Neutral,2025-04-11,0.20863931366731145,0,Bajo
9090,0,Chat,Advertiser,Ad Billing,0,5,501,575.7,Negative,2025-04-25,0.20647669173544994,0,Bajo
7378,0,Chat,Business Page,Content Violation,1,4,561,0.0,Negative,2025-04-25,0.17682976402189998,0,Bajo
8193,0,Email,Advertiser,General Support,1,5,716,0.0,Positive,2025-04-13,0.1864186131789144,0,Bajo
1957,0,Chat,User,Account Access,1,2,718,0.0,Neutral,2025-04-25,0.2004276185639818,0,Bajo
8609,0,Email,User,Ad Billing,1,4,360,0.0,Neutral,2025-04-09,0.20464397805507006,0,Bajo
194,1,Voice,Advertiser,Ad Billing,1,3,584,212.04,Neutral,2025-04-14,0.2129032794229444,0,Bajo
7235,0,Voice,User,Content Violation,1,5,783,0.0,Negative,2025-04-25,0.200056987382062,0,Bajo
9146,0,Chat,Business Page,General Support,0,5,753,0.0,Neutral,2025-04-14,0.18053289992214816,0,Bajo
4470,0,Email,Business Page,Page Management,1,5,461,0.0,Negative,2025-04-03,0.20351810332708556,0,Bajo
8372,0,Email,Advertiser,General Support,1,3,282,0.0,Negative,2025-04-28,0.2448138198794003,0,Bajo
1935,1,Email,Advertiser,Page Management,1,2,414,0.0,Neutral,2025-04-17,0.1997694816406598,0,Bajo
5463,0,Chat,Business Page,General Support,0,5,539,0.0,Neutral,2025-04-07,0.18945086670523859,0,Bajo
8787,0,Chat,Advertiser,General Support,1,1,513,0.0,Positive,2025-04-19,0.19496000891586912,0,Bajo
9004,0,Email,Advertiser,Account Access,0,1,534,0.0,Negative,2025-04-13,0.20122969846802832,0,Bajo
9282,0,Chat,Business Page,Content Violation,0,2,450,0.0,Negative,2025-04-17,0.18868150668967207,0,Bajo
5211,0,Chat,User,Content Violation,1,4,436,0.0,Neutral,2025-04-20,0.18415929531863323,0,Bajo
4067,0,Email,Advertiser,Page Management,1,4,655,0.0,Neutral,2025-04-19,0.20594556817428236,0,Bajo
1332,1,Chat,User,Account Access,1,5,634,0.0,Neutral,2025-04-08,0.19994360180889648,0,Bajo
5360,1,Chat,Advertiser,Account Access,1,3,632,0.0,Negative,2025-04-24,0.21185956237206752,0,Bajo
1619,0,Voice,User,Page Management,1,5,708,0.0,Neutral,2025-04-21,0.2056023086329807,0,Bajo
4663,1,Email,User,General Support,1,5,474,0.0,Neutral,2025-04-22,0.20245064934984525,0,Bajo
3998,0,Chat,User,Page Management,0,3,585,0.0,Negative,2025-04-05,0.21171825819115858,0,Bajo
1654,0,Email,Advertiser,Page Management,1,3,781,0.0,Neutral,2025-04-17,0.2063500705229643,0,Bajo
5248,1,Email,Advertiser,Page Management,1,5,351,0.0,Positive,2025-04-10,0.21305144703288081,0,Bajo
3311,0,Chat,Business Page,Page Management,1,5,706,0.0,Negative,2025-04-28,0.20283612910215912,0,Bajo
139,0,Email,Advertiser,General Support,0,5,782,0.0,Negative,2025-04-21,0.20332538090925442,0,Bajo
972,0,Email,Business Page,General Support,1,5,411,0.0,Neutral,2025-04-23,0.1947954803963261,0,Bajo
3760,0,Email,Advertiser,Content Violation,1,5,574,0.0,Neutral,2025-04-19,0.1785022441157757,0,Bajo
9215,1,Chat,Business Page,Ad Billing,1,1,358,0.0,Neutral,2025-04-13,0.1982221661723086,0,Bajo
6654,0,Chat,User,Account Access,1,5,488,0.0,Negative,2025-04-09,0.21884741370207653,0,Bajo
4769,0,Chat,Advertiser,Ad Billing,1,4,624,358.38,Positive,2025-04-05,0.18886907196437247,0,Bajo
6585,0,Email,Advertiser,Ad Billing,1,2,480,689.82,Negative,2025-04-15,0.23397187242842388,0,Bajo
8017,1,Chat,Advertiser,General Support,1,4,599,0.0,Negative,2025-04-24,0.20446990812068025,0,Bajo
3917,0,Voice,Advertiser,Page Management,1,5,898,0.0,Neutral,2025-04-21,0.2074057492455574,0,Bajo
4664,0,Chat,Business Page,Account Access,1,5,487,0.0,Neutral,2025-04-04,0.19493033602433624,0,Bajo
7571,0,Email,Advertiser,Account Access,1,5,609,0.0,Negative,2025-04-05,0.21008435813689952,0,Bajo
6894,0,Chat,Advertiser,Page Management,1,3,434,0.0,Neutral,2025-04-17,0.1988760348164657,0,Bajo
9913,0,Chat,User,Ad Billing,0,5,820,0.0,Neutral,2025-04-29,0.18704754697007747,0,Bajo
4522,0,Voice,Advertiser,Content Violation,1,4,584,0.0,Neutral,2025-04-21,0.1942661801238805,0,Bajo
5755,0,Voice,User,General Support,1,5,689,0.0,Positive,2025-04-02,0.19695742810723904,0,Bajo
1050,0,Chat,User,General Support,1,4,630,0.0,Negative,2025-04-19,0.2136331665779287,0,Bajo
4981,0,Email,Business Page,Content Violation,0,4,673,0.0,Positive,2025-04-06,0.17867900233200057,0,Bajo
2285,0,Email,User,General Support,0,5,749,0.0,Positive,2025-04-18,0.1942421508904716,0,Bajo
9178,0,Chat,Business Page,General Support,0,5,550,0.0,Neutral,2025-04-19,0.18983975214197094,0,Bajo
296,0,Email,Advertiser,Content Violation,1,4,683,0.0,Negative,2025-04-19,0.1896115806276093,0,Bajo
2424,1,Chat,User,Ad Billing,0,2,703,0.0,Positive,2025-04-07,0.19314702440465542,0,Bajo
8757,0,Chat,Business Page,Ad Billing,1,4,619,0.0,Negative,2025-04-08,0.20229820837511175,0,Bajo
246,0,Chat,User,Page Management,1,4,561,0.0,Negative,2025-04-16,0.21644057218601612,0,Bajo
5771,0,Chat,User,Page Management,1,5,390,0.0,Negative,2025-04-24,0.2157847429421593,0,Bajo
925,0,Email,Advertiser,General Support,1,2,602,0.0,Positive,2025-04-24,0.2005356479571394,0,Bajo
7843,0,Chat,Business Page,Page Management,1,4,536,0.0,Negative,2025-04-11,0.20253252347089512,0,Bajo
7469,0,Voice,Business Page,Ad Billing,1,3,843,0.0,Neutral,2025-04-03,0.17720655793085757,0,Bajo
7233,0,Email,User,General Support,1,4,647,0.0,Neutral,2025-04-13,0.20331214354664215,0,Bajo
4539,0,Chat,Business Page,General Support,0,3,643,0.0,Neutral,2025-04-08,0.1885788166768208,0,Bajo
9373,0,Chat,Advertiser,General Support,1,4,487,0.0,Negative,2025-04-29,0.20924451548515616,0,Bajo
9664,0,Chat,User,Content Violation,1,3,611,0.0,Positive,2025-04-28,0.19308488860880524,0,Bajo
8214,0,Email,Business Page,Content Violation,1,4,603,0.0,Negative,2025-04-01,0.1766923194581672,0,Bajo
7165,0,Voice,Advertiser,Account Access,0,5,610,0.0,Negative,2025-04-28,0.21031503222898484,0,Bajo
1347,0,Email,User,General Support,1,2,679,0.0,Neutral,2025-04-15,0.20511660109252405,0,Bajo
7196,0,Chat,User,General Support,0,4,678,0.0,Neutral,2025-04-27,0.19397556586057435,0,Bajo
8607,0,Voice,Business Page,Page Management,1,4,660,0.0,Neutral,2025-04-02,0.19909233355707903,0,Bajo
7154,0,Chat,Advertiser,Page Management,1,3,560,0.0,Positive,2025-04-07,0.19906437453902903,0,Bajo
2903,1,Email,User,Account Access,1,3,663,0.0,Negative,2025-04-17,0.22094995558548303,0,Bajo
8217,1,Chat,User,Account Access,1,3,723,0.0,Negative,2025-04-07,0.21102505234560284,0,Bajo
7106,0,Voice,Advertiser,Account Access,1,4,387,0.0,Neutral,2025-04-20,0.21890347635446403,0,Bajo
3826,0,Email,User,Page Management,0,5,485,0.0,Neutral,2025-04-09,0.20044723134866602,0,Bajo
7202,0,Email,Business Page,General Support,1,5,724,0.0,Positive,2025-04-15,0.18505063464459803,0,Bajo
6977,0,Email,User,General Support,0,4,603,0.0,Positive,2025-04-16,0.1940389414136989,0,Bajo
6985,0,Email,User,General Support,1,5,715,0.0,Neutral,2025-04-29,0.19705153992607008,0,Bajo
4024,0,Voice,User,Ad Billing,1,3,676,0.0,Neutral,2025-04-26,0.21008997538724133,0,Bajo
8664,0,Voice,Advertiser,Ad Billing,0,5,781,199.68,Negative,2025-04-13,0.20838225396094706,0,Bajo
2567,0,Chat,Business Page,General Support,1,5,763,0.0,Neutral,2025-04-22,0.18393267207599978,0,Bajo
802,0,Chat,User,Ad Billing,0,4,358,0.0,Neutral,2025-04-10,0.1919174858148212,0,Bajo
9686,0,Voice,Business Page,General Support,1,4,717,0.0,Positive,2025-04-11,0.1874147187865541,0,Bajo
7343,0,Voice,Advertiser,Page Management,0,4,729,0.0,Negative,2025-04-10,0.2027716895499268,0,Bajo
6084,0,Email,Business Page,General Support,1,4,602,0.0,Negative,2025-04-25,0.20919970783915312,0,Bajo
5186,0,Chat,Business Page,Account Access,0,5,466,0.0,Positive,2025-04-25,0.19563757157174028,0,Bajo
1448,0,Voice,User,Content Violation,1,5,806,0.0,Negative,2025-04-08,0.19544501970342507,0,Bajo
1170,0,Voice,Advertiser,Account Access,0,4,668,0.0,Negative,2025-04-25,0.20586121886727898,0,Bajo
3961,0,Chat,User,Content Violation,1,5,580,0.0,Neutral,2025-04-10,0.17794321678263952,0,Bajo
7860,0,Chat,User,Page Management,0,5,670,0.0,Negative,2025-04-17,0.20864379614897285,0,Bajo
2501,0,Chat,Business Page,Ad Billing,0,5,421,0.0,Neutral,2025-04-06,0.18111932029707475,0,Bajo
5031,1,Chat,Advertiser,Content Violation,1,5,335,0.0,Neutral,2025-04-15,0.20542502178900032,0,Bajo
6739,0,Chat,User,Account Access,1,5,638,0.0,Positive,2025-04-24,0.197765146214991,0,Bajo
394,0,Email,Advertiser,Content Violation,0,4,574,0.0,Positive,2025-04-14,0.19156276479089016,0,Bajo
7072,1,Chat,Advertiser,Ad Billing,1,1,611,199.53,Positive,2025-04-13,0.20413788334946106,0,Bajo
6007,0,Email,User,Content Violation,0,5,651,0.0,Negative,2025-04-15,0.19029938587250386,0,Bajo
8348,0,Voice,User,Ad Billing,1,5,485,0.0,Negative,2025-04-03,0.22250228369803307,0,Bajo
3786,0,Email,Advertiser,Account Access,1,4,595,0.0,Positive,2025-04-07,0.1999639663848244,0,Bajo
1938,0,Email,Advertiser,Ad Billing,1,5,761,813.53,Negative,2025-04-02,0.2757849015577114,0,Bajo
1081,0,Chat,Advertiser,Content Violation,1,4,619,0.0,Negative,2025-04-22,0.18000882744866153,0,Bajo
7686,0,Email,Advertiser,Account Access,0,5,615,0.0,Neutral,2025-04-02,0.19831133809278348,0,Bajo
8814,0,Chat,Advertiser,Content Violation,1,3,655,0.0,Positive,2025-04-21,0.1963139402922515,0,Bajo
7994,0,Email,Advertiser,Content Violation,1,4,520,0.0,Neutral,2025-04-07,0.18667339466720864,0,Bajo
7083,0,Voice,Advertiser,General Support,1,5,458,0.0,Neutral,2025-04-01,0.20737235365784767,0,Bajo
4072,0,Email,User,General Support,1,5,844,0.0,Neutral,2025-04-11,0.18056533200053843,0,Bajo
7273,1,Voice,Advertiser,Ad Billing,1,5,508,564.18,Neutral,2025-04-17,0.2259708279684007,0,Bajo
2331,0,Chat,Advertiser,General Support,1,4,628,0.0,Positive,2025-04-06,0.18627523276041313,0,Bajo
8227,0,Chat,Business Page,Page Management,1,4,436,0.0,Negative,2025-04-23,0.2019439238082354,0,Bajo
2718,0,Chat,Business Page,Account Access,1,4,453,0.0,Neutral,2025-04-24,0.19717299189342813,0,Bajo
2689,0,Email,User,General Support,1,3,575,0.0,Positive,2025-04-15,0.20059053908708094,0,Bajo
9107,0,Chat,User,Ad Billing,1,4,626,0.0,Neutral,2025-04-12,0.19681415973489919,0,Bajo
3082,1,Email,User,Account Access,1,2,653,0.0,Neutral,2025-04-17,0.2136715869815297,0,Bajo
6953,0,Voice,Business Page,Content Violation,1,1,617,0.0,Positive,2025-04-02,0.20639634698591933,0,Bajo
8785,0,Email,Business Page,Ad Billing,1,2,590,0.0,Neutral,2025-04-01,0.19505412338503156,0,Bajo
2376,1,Chat,User,Ad Billing,0,5,760,0.0,Negative,2025-04-02,0.20231708726569048,0,Bajo
2033,0,Email,Business Page,General Support,1,5,494,0.0,Neutral,2025-04-29,0.1935138844818697,0,Bajo
6023,0,Voice,Business Page,Content Violation,1,4,644,0.0,Neutral,2025-04-01,0.1751289160672876,0,Bajo
1261,1,Voice,Advertiser,Page Management,1,2,632,0.0,Positive,2025-04-08,0.21537638349516972,0,Bajo
6874,0,Chat,User,Page Management,0,5,549,0.0,Neutral,2025-04-11,0.2020081904438922,0,Bajo
1368,0,Chat,Business Page,General Support,1,2,514,0.0,Negative,2025-04-18,0.21582572191305466,0,Bajo
3609,0,Email,Business Page,Account Access,1,5,496,0.0,Neutral,2025-04-17,0.19314106792310665,0,Bajo
1916,0,Chat,User,Account Access,1,4,331,0.0,Positive,2025-04-23,0.21883464400814961,0,Bajo
9862,0,Chat,Business Page,Account Access,1,5,503,0.0,Neutral,2025-04-26,0.1946036650593674,0,Bajo
4510,1,Voice,Business Page,Account Access,1,3,786,0.0,Neutral,2025-04-27,0.19363379360697858,0,Bajo
4327,1,Email,User,Account Access,1,2,706,0.0,Positive,2025-04-18,0.20999530805268846,0,Bajo
9280,0,Chat,User,Ad Billing,1,3,549,0.0,Neutral,2025-04-06,0.20322044619924376,0,Bajo
9273,0,Chat,User,Ad Billing,1,4,616,0.0,Positive,2025-04-13,0.20148907312150147,0,Bajo
5495,0,Voice,User,Page Management,1,5,588,0.0,Positive,2025-04-04,0.21456255411574102,0,Bajo
9212,1,Chat,Business Page,General Support,1,4,561,0.0,Negative,2025-04-15,0.2084539949882,0,Bajo
6068,0,Email,User,General Support,1,3,560,0.0,Negative,2025-04-02,0.2231301777874735,0,Bajo
2116,0,Email,Advertiser,Page Management,1,4,617,0.0,Positive,2025-04-15,0.1978689971705993,0,Bajo
8387,1,Chat,Advertiser,Content Violation,0,3,777,0.0,Negative,2025-04-06,0.20569566616908047,0,Bajo
1532,1,Chat,User,Ad Billing,0,5,680,0.0,Negative,2025-04-17,0.20080572251598386,0,Bajo
4252,0,Chat,Advertiser,Ad Billing,1,4,473,815.41,Negative,2025-04-16,0.2958230980937319,0,Bajo
6273,1,Voice,User,Ad Billing,0,4,726,0.0,Positive,2025-04-21,0.19982211210215267,0,Bajo
2600,1,Voice,Business Page,General Support,1,4,687,0.0,Positive,2025-04-03,0.19009744041570337,0,Bajo
7664,0,Chat,User,Account Access,0,2,714,0.0,Negative,2025-04-28,0.20359814408889554,0,Bajo
7564,0,Email,User,General Support,1,3,623,0.0,Positive,2025-04-18,0.19507867445856875,0,Bajo
9225,0,Email,User,Content Violation,1,3,517,0.0,Positive,2025-04-14,0.19880863129615614,0,Bajo
5397,0,Voice,Business Page,Page Management,0,1,687,0.0,Neutral,2025-04-17,0.20222522603410162,0,Bajo
1140,0,Chat,User,Content Violation,1,4,589,0.0,Negative,2025-04-22,0.18560270441976912,0,Bajo
7037,1,Chat,Business Page,Content Violation,1,2,687,0.0,Neutral,2025-04-24,0.18308160012515987,0,Bajo
1348,0,Chat,User,Account Access,1,5,505,0.0,Positive,2025-04-21,0.20720046690992192,0,Bajo
9619,1,Email,Advertiser,Account Access,1,1,566,0.0,Negative,2025-04-10,0.20373335939247256,0,Bajo
9015,0,Voice,Business Page,Page Management,0,5,865,0.0,Positive,2025-04-06,0.1719570467064367,0,Bajo
5671,0,Email,User,Account Access,0,1,685,0.0,Positive,2025-04-03,0.2006749950982929,0,Bajo
83,0,Email,User,Account Access,1,4,799,0.0,Negative,2025-04-29,0.20271945861226168,0,Bajo
9990,1,Chat,User,Content Violation,1,3,535,0.0,Positive,2025-04-26,0.19437663384010956,0,Bajo
1918,0,Voice,User,Page Management,1,5,866,0.0,Positive,2025-04-03,0.18875212728218188,0,Bajo
677,0,Email,Business Page,Page Management,1,4,407,0.0,Neutral,2025-04-02,0.19202007533842436,0,Bajo
6875,1,Chat,Advertiser,Account Access,0,4,724,0.0,Positive,2025-04-22,0.19051394296591612,0,Bajo
8219,1,Email,User,Ad Billing,1,5,779,0.0,Negative,2025-04-11,0.20391914038100528,0,Bajo
8798,1,Chat,Business Page,Page Management,1,5,636,0.0,Positive,2025-04-01,0.18719603665074488,0,Bajo
9628,0,Voice,Advertiser,Ad Billing,1,4,642,348.48,Neutral,2025-04-04,0.19842697379761115,0,Bajo
6250,0,Chat,Advertiser,Account Access,1,4,720,0.0,Positive,2025-04-02,0.19363911668746747,0,Bajo
4362,0,Chat,Business Page,Page Management,1,4,747,0.0,Positive,2025-04-23,0.18810956059399325,0,Bajo
2739,0,Chat,Business Page,Content Violation,1,3,706,0.0,Positive,2025-04-13,0.18521622715910013,0,Bajo
8001,0,Chat,Business Page,Account Access,0,5,561,0.0,Neutral,2025-04-16,0.19544886935611522,0,Bajo
2682,1,Email,User,Account Access,1,4,682,0.0,Neutral,2025-04-21,0.20528555124534012,0,Bajo
4741,0,Email,User,Content Violation,1,5,657,0.0,Positive,2025-04-24,0.18914401832361,0,Bajo
3094,0,Email,Advertiser,Account Access,0,4,533,0.0,Negative,2025-04-10,0.21358518374803462,0,Bajo
6680,1,Chat,User,Page Management,1,5,660,0.0,Negative,2025-04-12,0.2160904564392236,0,Bajo
9191,1,Email,Advertiser,Ad Billing,1,4,857,350.73,Positive,2025-04-25,0.18345439379263473,0,Bajo
2968,0,Chat,User,Ad Billing,1,5,346,0.0,Positive,2025-04-06,0.2057223544391488,0,Bajo
6141,0,Chat,User,General Support,1,5,464,0.0,Neutral,2025-04-09,0.19769698429067992,0,Bajo
1418,1,Chat,Advertiser,Content Violation,1,4,468,0.0,Neutral,2025-04-10,0.19151569196475385,0,Bajo
6688,0,Chat,Advertiser,Account Access,1,3,674,0.0,Positive,2025-04-28,0.1973249449244978,0,Bajo
8962,0,Email,Advertiser,Content Violation,1,5,551,0.0,Neutral,2025-04-21,0.18142143269654476,0,Bajo
4424,0,Voice,Advertiser,Content Violation,1,4,738,0.0,Neutral,2025-04-25,0.18686996485251947,0,Bajo
3374,0,Email,User,Page Management,1,4,413,0.0,Positive,2025-04-22,0.20219511586556946,0,Bajo
8915,0,Chat,Advertiser,General Support,0,5,793,0.0,Neutral,2025-04-20,0.18431658901800319,0,Bajo
9038,0,Email,Advertiser,Page Management,0,4,594,0.0,Neutral,2025-04-26,0.19544297802460542,0,Bajo
7177,0,Chat,Advertiser,General Support,1,5,644,0.0,Negative,2025-04-06,0.20178488157628724,0,Bajo
4503,1,Chat,Advertiser,General Support,1,3,569,0.0,Positive,2025-04-13,0.19475526385897168,0,Bajo
4476,0,Voice,Business Page,Ad Billing,1,4,451,0.0,Neutral,2025-04-19,0.20162487142740662,0,Bajo
5363,0,Voice,Business Page,Account Access,1,4,641,0.0,Neutral,2025-04-23,0.19364165102297937,0,Bajo
8130,0,Chat,Business Page,Content Violation,1,5,530,0.0,Positive,2025-04-29,0.17865297642739733,0,Bajo
1413,0,Chat,Business Page,General Support,1,5,689,0.0,Positive,2025-04-17,0.1858877069572665,0,Bajo
9783,0,Chat,User,General Support,0,5,616,0.0,Negative,2025-04-21,0.20999804417865364,0,Bajo
4639,1,Email,User,Page Management,1,4,849,0.0,Positive,2025-04-14,0.18384250305924235,0,Bajo
5503,1,Voice,Advertiser,Ad Billing,1,5,527,607.38,Neutral,2025-04-28,0.21774924338906756,0,Bajo
2546,1,Chat,Business Page,Page Management,1,4,590,0.0,Negative,2025-04-28,0.20299434759083915,0,Bajo
2280,0,Email,Advertiser,Account Access,1,4,689,0.0,Positive,2025-04-12,0.19987198434526987,0,Bajo
2606,0,Chat,Advertiser,Ad Billing,1,2,735,523.96,Negative,2025-04-25,0.19983982736314693,0,Bajo
4857,0,Chat,Business Page,Page Management,1,4,623,0.0,Neutral,2025-04-11,0.19033653362531827,0,Bajo
812,0,Email,Advertiser,Ad Billing,1,5,645,517.85,Negative,2025-04-19,0.20310071662717297,0,Bajo
8947,0,Email,User,Page Management,1,4,625,0.0,Negative,2025-04-08,0.21020098257361927,0,Bajo
650,0,Email,Business Page,Account Access,1,4,730,0.0,Negative,2025-04-05,0.20910267868079396,0,Bajo
3158,0,Chat,Business Page,Page Management,1,3,358,0.0,Positive,2025-04-11,0.2069838914590485,0,Bajo
528,1,Voice,Business Page,Account Access,1,3,464,0.0,Negative,2025-04-06,0.2222243432943864,0,Bajo
964,0,Email,Business Page,Content Violation,1,4,562,0.0,Neutral,2025-04-27,0.17090902614201745,0,Bajo
3913,0,Chat,Advertiser,Ad Billing,1,4,418,94.06,Neutral,2025-04-20,0.19631243471884047,0,Bajo
8078,0,Voice,Advertiser,General Support,0,4,536,0.0,Neutral,2025-04-22,0.20759874558062472,0,Bajo
177,0,Chat,User,Account Access,1,4,636,0.0,Negative,2025-04-04,0.20901548400398728,0,Bajo
1680,0,Chat,Advertiser,Content Violation,1,5,714,0.0,Negative,2025-04-14,0.17745573943763301,0,Bajo
2770,0,Voice,User,Account Access,0,5,742,0.0,Negative,2025-04-12,0.2300534046133246,0,Bajo
856,1,Chat,User,Account Access,0,3,466,0.0,Neutral,2025-04-14,0.21038533073028018,0,Bajo
5718,0,Chat,User,Ad Billing,1,1,536,0.0,Positive,2025-04-28,0.20511942114924808,0,Bajo
4452,0,Chat,User,Content Violation,0,5,657,0.0,Neutral,2025-04-24,0.17611930429119285,0,Bajo
1527,0,Email,Advertiser,Ad Billing,0,4,636,712.29,Positive,2025-04-10,0.16484435483214607,0,Bajo
7882,0,Chat,Business Page,Ad Billing,1,5,655,0.0,Negative,2025-04-25,0.20223450523590245,0,Bajo
7309,0,Email,User,Account Access,1,5,604,0.0,Negative,2025-04-18,0.21382723733384845,0,Bajo
9202,1,Chat,User,Ad Billing,1,4,605,0.0,Neutral,2025-04-18,0.19890122245937122,0,Bajo
4338,0,Email,Business Page,Page Management,1,4,673,0.0,Negative,2025-04-28,0.2100717371455881,0,Bajo
3853,0,Chat,Advertiser,Content Violation,1,2,571,0.0,Neutral,2025-04-15,0.19256292308526135,0,Bajo
576,0,Email,Advertiser,Account Access,1,5,716,0.0,Negative,2025-04-02,0.20469790109186697,0,Bajo
7481,0,Chat,Business Page,Page Management,1,3,681,0.0,Negative,2025-04-10,0.2094381876110563,0,Bajo
3045,0,Chat,Advertiser,General Support,1,5,526,0.0,Negative,2025-04-23,0.20755252644034575,0,Bajo
9951,0,Chat,Business Page,Ad Billing,1,5,544,0.0,Positive,2025-04-12,0.19091322964808483,0,Bajo
6216,0,Voice,Business Page,Account Access,0,5,361,0.0,Negative,2025-04-04,0.2256814624272793,0,Bajo
1166,0,Chat,Advertiser,Account Access,0,5,638,0.0,Neutral,2025-04-09,0.19587126410865152,0,Bajo
1024,0,Email,User,Ad Billing,0,3,496,0.0,Positive,2025-04-07,0.19884617761987977,0,Bajo
7685,1,Chat,Business Page,Account Access,0,1,712,0.0,Negative,2025-04-12,0.1990338521097156,0,Bajo
7111,0,Chat,Business Page,Account Access,1,4,559,0.0,Neutral,2025-04-09,0.19630115031119605,0,Bajo
487,0,Email,Advertiser,Content Violation,1,5,727,0.0,Negative,2025-04-24,0.18369261733566275,0,Bajo
6069,0,Chat,User,Account Access,1,5,617,0.0,Positive,2025-04-01,0.19978223769390793,0,Bajo
8770,1,Voice,Advertiser,Account Access,1,5,529,0.0,Positive,2025-04-29,0.21573672060391133,0,Bajo
8140,0,Email,Advertiser,Page Management,1,5,719,0.0,Negative,2025-04-27,0.20673973060159864,0,Bajo
3233,0,Chat,User,General Support,1,5,546,0.0,Neutral,2025-04-15,0.20132030900937004,0,Bajo
2413,0,Email,Business Page,Page Management,1,4,415,0.0,Negative,2025-04-01,0.2057494359511068,0,Bajo
3729,0,Voice,Business Page,Ad Billing,1,5,404,0.0,Neutral,2025-04-27,0.20729321551715904,0,Bajo
1262,1,Chat,Advertiser,Page Management,1,5,432,0.0,Negative,2025-04-13,0.20297494728476104,0,Bajo
9787,0,Email,Business Page,Page Management,1,5,595,0.0,Positive,2025-04-16,0.19650686539931642,0,Bajo
2680,0,Email,Advertiser,Account Access,0,4,814,0.0,Neutral,2025-04-23,0.1891965685517238,0,Bajo
5494,0,Email,Advertiser,General Support,1,5,612,0.0,Positive,2025-04-19,0.1943860236832783,0,Bajo
162,0,Chat,User,General Support,1,3,576,0.0,Neutral,2025-04-22,0.201915485725008,0,Bajo
4534,0,Email,Business Page,Page Management,1,5,654,0.0,Neutral,2025-04-01,0.19710807674311004,0,Bajo
2990,0,Voice,Business Page,Content Violation,1,5,565,0.0,Positive,2025-04-17,0.19530604594938678,0,Bajo
2010,0,Email,Business Page,General Support,0,5,631,0.0,Neutral,2025-04-01,0.1866812817593186,0,Bajo
1369,1,Voice,Business Page,Ad Billing,1,3,539,0.0,Positive,2025-04-26,0.20882251133972032,0,Bajo
479,0,Email,User,Ad Billing,0,3,307,0.0,Neutral,2025-04-23,0.20487533135194252,0,Bajo
6841,1,Email,Business Page,Content Violation,1,5,659,0.0,Neutral,2025-04-06,0.1678141297089487,0,Bajo
1841,0,Chat,Advertiser,Page Management,1,5,601,0.0,Neutral,2025-04-15,0.19322456791366213,0,Bajo
6118,0,Email,User,Content Violation,0,5,710,0.0,Positive,2025-04-12,0.17863753100829854,0,Bajo
8993,0,Voice,User,Ad Billing,1,4,568,0.0,Negative,2025-04-06,0.21836350913228844,0,Bajo
8234,0,Chat,Advertiser,General Support,1,5,790,0.0,Negative,2025-04-28,0.20539171400108444,0,Bajo
574,0,Chat,User,Page Management,1,5,625,0.0,Negative,2025-04-15,0.20772116705600163,0,Bajo
6322,0,Email,Advertiser,Page Management,0,3,395,0.0,Neutral,2025-04-27,0.20171477744634425,0,Bajo
5460,0,Email,Business Page,Ad Billing,1,3,692,0.0,Positive,2025-04-07,0.19473664934762838,0,Bajo
9801,1,Email,User,Ad Billing,1,3,633,0.0,Neutral,2025-04-22,0.20134770871398563,0,Bajo
2054,0,Chat,User,Account Access,1,3,751,0.0,Negative,2025-04-07,0.21162924603849512,0,Bajo
6916,0,Chat,User,Account Access,0,4,626,0.0,Negative,2025-04-13,0.2057593403948772,0,Bajo
3272,0,Chat,Business Page,Ad Billing,1,3,697,0.0,Positive,2025-04-13,0.19061810425473638,0,Bajo
2333,0,Chat,User,General Support,1,4,539,0.0,Positive,2025-04-06,0.196265985558627,0,Bajo
897,1,Chat,User,General Support,1,3,467,0.0,Positive,2025-04-11,0.1941414663421841,0,Bajo
427,0,Chat,Advertiser,Account Access,0,3,614,0.0,Neutral,2025-04-24,0.20049217540728617,0,Bajo
7503,0,Chat,Business Page,Account Access,1,1,521,0.0,Negative,2025-04-14,0.21086912509291453,0,Bajo
9112,1,Email,Business Page,Content Violation,0,5,686,0.0,Neutral,2025-04-12,0.1635994798260799,0,Bajo
6074,0,Email,User,Ad Billing,1,5,612,0.0,Neutral,2025-04-17,0.2002254551683272,0,Bajo
7884,0,Chat,User,Account Access,0,2,732,0.0,Negative,2025-04-28,0.20508337324317083,0,Bajo
6945,0,Email,Business Page,Content Violation,1,4,804,0.0,Negative,2025-04-04,0.17676874843108983,0,Bajo
7000,0,Chat,Business Page,Ad Billing,1,2,412,0.0,Neutral,2025-04-07,0.19079434013194296,0,Bajo
1238,0,Chat,Advertiser,General Support,1,2,587,0.0,Negative,2025-04-16,0.20826432455796173,0,Bajo
813,0,Chat,User,Content Violation,1,4,430,0.0,Negative,2025-04-12,0.19686983183084614,0,Bajo
5215,0,Chat,User,Page Management,1,2,760,0.0,Negative,2025-04-23,0.22010033469488255,0,Bajo
5297,1,Chat,Advertiser,Page Management,0,3,717,0.0,Positive,2025-04-12,0.18983342868574643,0,Bajo
5928,0,Email,Business Page,General Support,1,4,727,0.0,Negative,2025-04-02,0.2069949517175232,0,Bajo
3803,0,Chat,Business Page,Page Management,1,5,556,0.0,Positive,2025-04-10,0.19099098866160433,0,Bajo
